best_epoch,best_val_bacc,epochs_run,gpu,ok,problems,replay_bit_exact,replay_err_source,replay_err_target,seconds,unit
19,0.7785,40,NVIDIA A40,True,,True,1.1444091796875e-05,8.58306884765625e-06,664.4,Sleep-c5-chambon-t00-s0
22,0.7587,43,NVIDIA A40,True,,True,5.7220458984375e-06,5.7220458984375e-06,382.0,Sleep-c5-chambon-t00-s1
64,0.7573,85,NVIDIA A40,True,,True,7.62939453125e-06,5.7220458984375e-06,1079.6,Sleep-c5-chambon-t00-s2
21,0.7314,42,NVIDIA A40,True,,True,4.76837158203125e-06,3.814697265625e-06,373.0,Sleep-c5-chambon-t01-s0
34,0.7303,55,NVIDIA A40,True,,True,7.62939453125e-06,7.62939453125e-06,492.1,Sleep-c5-chambon-t01-s1
71,0.7441,92,NVIDIA A40,True,,True,9.5367431640625e-06,1.52587890625e-05,718.6,Sleep-c5-chambon-t01-s2
24,0.7626,45,NVIDIA A40,True,,True,3.814697265625e-06,7.62939453125e-06,395.3,Sleep-c5-chambon-t02-s0
50,0.7531,71,NVIDIA A40,True,,True,7.62939453125e-06,9.5367431640625e-06,589.8,Sleep-c5-chambon-t02-s1
42,0.7458,63,NVIDIA A40,True,,True,1.1444091796875e-05,7.867813110351562e-06,541.0,Sleep-c5-chambon-t02-s2
31,0.7327,52,NVIDIA A40,True,,True,9.5367431640625e-06,1.430511474609375e-05,463.9,Sleep-c5-chambon-t03-s0
17,0.7501,38,NVIDIA A40,True,,True,7.62939453125e-06,1.33514404296875e-05,350.4,Sleep-c5-chambon-t03-s1
35,0.7414,56,NVIDIA A40,True,,True,6.67572021484375e-06,7.62939453125e-06,466.5,Sleep-c5-chambon-t03-s2
54,0.7425,75,NVIDIA A40,True,,True,5.7220458984375e-06,7.62939453125e-06,604.6,Sleep-c5-chambon-t04-s0
60,0.7279,81,NVIDIA A40,True,,True,9.5367431640625e-06,1.1444091796875e-05,650.3,Sleep-c5-chambon-t04-s1
35,0.7403,56,NVIDIA A40,True,,True,6.67572021484375e-06,6.67572021484375e-06,615.4,Sleep-c5-chambon-t04-s2
41,0.7405,62,NVIDIA A40,True,,True,7.62939453125e-06,8.58306884765625e-06,538.3,Sleep-c5-chambon-t05-s0
20,0.7253,41,NVIDIA A40,True,,True,9.5367431640625e-06,9.5367431640625e-06,388.8,Sleep-c5-chambon-t05-s1
36,0.7541,57,NVIDIA A40,True,,True,7.62939453125e-06,4.76837158203125e-06,495.1,Sleep-c5-chambon-t05-s2
33,0.7572,54,NVIDIA A40,True,,True,7.62939453125e-06,9.5367431640625e-06,462.6,Sleep-c5-chambon-t06-s0
45,0.7273,66,NVIDIA A40,True,,True,9.5367431640625e-06,1.1444091796875e-05,563.9,Sleep-c5-chambon-t06-s1
71,0.7443,92,NVIDIA A40,True,,True,7.62939453125e-06,9.5367431640625e-06,730.9,Sleep-c5-chambon-t06-s2
19,0.7695,40,NVIDIA A40,True,,True,5.7220458984375e-06,5.7220458984375e-06,414.2,Sleep-c5-chambon-t07-s0
24,0.7615,45,NVIDIA A40,True,,True,7.62939453125e-06,7.62939453125e-06,410.1,Sleep-c5-chambon-t07-s1
34,0.7693,55,NVIDIA A40,True,,True,5.7220458984375e-06,6.67572021484375e-06,466.4,Sleep-c5-chambon-t07-s2
64,0.7654,85,NVIDIA A40,True,,True,6.67572021484375e-06,9.5367431640625e-06,899.6,Sleep-c5-chambon-t08-s0
26,0.7223,47,NVIDIA A40,True,,True,7.62939453125e-06,1.1444091796875e-05,415.0,Sleep-c5-chambon-t08-s1
25,0.745,46,NVIDIA A40,True,,True,6.198883056640625e-06,1.52587890625e-05,420.0,Sleep-c5-chambon-t08-s2
42,0.7539,63,NVIDIA A40,True,,True,7.62939453125e-06,5.7220458984375e-06,543.0,Sleep-c5-chambon-t09-s0
22,0.7512,43,NVIDIA A40,True,,True,8.106231689453125e-06,7.62939453125e-06,403.6,Sleep-c5-chambon-t09-s1
46,0.7473,67,NVIDIA A40,True,,True,5.7220458984375e-06,6.67572021484375e-06,546.3,Sleep-c5-chambon-t09-s2
25,0.7407,46,NVIDIA A40,True,,True,7.62939453125e-06,4.76837158203125e-06,395.5,Sleep-c5-chambon-t10-s0
32,0.7381,53,NVIDIA A40,True,,True,7.62939453125e-06,6.67572021484375e-06,447.0,Sleep-c5-chambon-t10-s1
42,0.7432,63,NVIDIA A40,True,,True,7.62939453125e-06,6.67572021484375e-06,547.0,Sleep-c5-chambon-t10-s2
19,0.7484,40,NVIDIA A40,True,,True,7.62939453125e-06,5.7220458984375e-06,360.8,Sleep-c5-chambon-t11-s0
47,0.746,68,NVIDIA A40,True,,True,6.67572021484375e-06,7.62939453125e-06,681.5,Sleep-c5-chambon-t11-s1
16,0.7805,37,NVIDIA A40,True,,True,7.62939453125e-06,7.62939453125e-06,369.3,Sleep-c5-chambon-t11-s2
43,0.7498,64,NVIDIA A40,True,,True,9.5367431640625e-06,9.5367431640625e-06,516.7,Sleep-c5-chambon-t12-s0
24,0.7517,45,NVIDIA A40,True,,True,9.5367431640625e-06,6.67572021484375e-06,387.3,Sleep-c5-chambon-t12-s1
8,0.7314,30,NVIDIA A40,True,,True,7.62939453125e-06,7.62939453125e-06,293.1,Sleep-c5-chambon-t12-s2
27,0.7447,48,NVIDIA A40,True,,True,6.67572021484375e-06,7.62939453125e-06,416.7,Sleep-c5-chambon-t14-s0
22,0.7266,43,NVIDIA A40,True,,True,1.1444091796875e-05,6.67572021484375e-06,404.6,Sleep-c5-chambon-t14-s1
8,0.7826,30,NVIDIA A40,True,,True,5.7220458984375e-06,7.62939453125e-06,312.9,Sleep-c5-chambon-t14-s2
51,0.7406,72,NVIDIA A40,True,,True,9.5367431640625e-06,9.5367431640625e-06,591.2,Sleep-c5-chambon-t15-s0
50,0.718,71,NVIDIA A40,True,,True,7.62939453125e-06,6.67572021484375e-06,577.0,Sleep-c5-chambon-t15-s1
17,0.7357,38,NVIDIA A40,True,,True,7.62939453125e-06,8.58306884765625e-06,340.3,Sleep-c5-chambon-t15-s2
25,0.7553,46,NVIDIA A40,True,,True,7.62939453125e-06,7.62939453125e-06,599.8,Sleep-c5-chambon-t16-s0
35,0.7535,56,NVIDIA A40,True,,True,8.58306884765625e-06,7.62939453125e-06,472.1,Sleep-c5-chambon-t16-s1
36,0.7662,57,NVIDIA A40,True,,True,1.33514404296875e-05,1.33514404296875e-05,532.8,Sleep-c5-chambon-t16-s2
14,0.7508,35,NVIDIA A40,True,,True,9.5367431640625e-06,6.67572021484375e-06,343.4,Sleep-c5-chambon-t17-s0
41,0.7742,62,NVIDIA A40,True,,True,5.7220458984375e-06,4.76837158203125e-06,508.7,Sleep-c5-chambon-t17-s1
47,0.7572,68,NVIDIA A40,True,,True,7.62939453125e-06,5.7220458984375e-06,554.3,Sleep-c5-chambon-t17-s2
24,0.736,45,NVIDIA A40,True,,True,5.7220458984375e-06,5.7220458984375e-06,397.6,Sleep-c5-chambon-t18-s0
21,0.7221,42,NVIDIA A40,True,,True,7.62939453125e-06,7.62939453125e-06,393.7,Sleep-c5-chambon-t18-s1
21,0.7734,42,NVIDIA A40,True,,True,5.7220458984375e-06,5.7220458984375e-06,370.6,Sleep-c5-chambon-t18-s2
42,0.7739,63,NVIDIA A40,True,,True,5.7220458984375e-06,7.62939453125e-06,719.1,Sleep-c5-chambon-t19-s0
17,0.7684,38,NVIDIA A40,True,,True,7.62939453125e-06,5.7220458984375e-06,393.5,Sleep-c5-chambon-t19-s1
12,0.7213,33,NVIDIA A40,True,,True,7.62939453125e-06,4.76837158203125e-06,308.8,Sleep-c5-chambon-t19-s2
36,0.749,57,NVIDIA A40,True,,True,1.1444091796875e-05,7.62939453125e-06,481.8,Sleep-c5-chambon-t20-s0
62,0.777,83,NVIDIA A40,True,,True,5.7220458984375e-06,5.7220458984375e-06,666.7,Sleep-c5-chambon-t20-s1
49,0.764,70,NVIDIA A40,True,,True,6.198883056640625e-06,5.7220458984375e-06,581.8,Sleep-c5-chambon-t20-s2
24,0.7402,45,NVIDIA A40,True,,True,7.62939453125e-06,9.5367431640625e-06,392.9,Sleep-c5-chambon-t21-s0
20,0.7522,41,NVIDIA A40,True,,True,7.62939453125e-06,7.62939453125e-06,373.4,Sleep-c5-chambon-t21-s1
16,0.7351,37,NVIDIA A40,True,,True,5.7220458984375e-06,6.67572021484375e-06,357.3,Sleep-c5-chambon-t21-s2
56,0.7744,77,NVIDIA A40,True,,True,1.1444091796875e-05,5.7220458984375e-06,883.1,Sleep-c5-chambon-t22-s0
25,0.7548,46,NVIDIA A40,True,,True,9.5367431640625e-06,4.76837158203125e-06,403.6,Sleep-c5-chambon-t22-s1
10,0.716,31,NVIDIA A40,True,,True,6.67572021484375e-06,4.76837158203125e-06,294.0,Sleep-c5-chambon-t22-s2
39,0.778,60,NVIDIA A40,True,,True,6.67572021484375e-06,5.7220458984375e-06,500.7,Sleep-c5-chambon-t23-s0
17,0.7187,38,NVIDIA A40,True,,True,9.5367431640625e-06,7.62939453125e-06,345.4,Sleep-c5-chambon-t23-s1
25,0.7767,46,NVIDIA A40,True,,True,4.76837158203125e-06,7.62939453125e-06,442.9,Sleep-c5-chambon-t23-s2
44,0.76,65,NVIDIA A40,True,,True,8.58306884765625e-06,7.62939453125e-06,536.6,Sleep-c5-chambon-t24-s0
57,0.7436,78,NVIDIA A40,True,,True,7.62939453125e-06,9.5367431640625e-06,616.6,Sleep-c5-chambon-t24-s1
55,0.7555,76,NVIDIA A40,True,,True,7.62939453125e-06,9.5367431640625e-06,615.9,Sleep-c5-chambon-t24-s2
49,0.7595,70,NVIDIA A40,True,,True,7.62939453125e-06,6.67572021484375e-06,578.2,Sleep-c5-chambon-t25-s0
25,0.7466,46,NVIDIA A40,True,,True,9.5367431640625e-06,7.62939453125e-06,387.2,Sleep-c5-chambon-t25-s1
10,0.7438,31,NVIDIA A40,True,,True,9.5367431640625e-06,5.7220458984375e-06,342.2,Sleep-c5-chambon-t25-s2
34,0.7159,55,NVIDIA A40,True,,True,7.62939453125e-06,7.62939453125e-06,467.6,Sleep-c5-chambon-t26-s0
11,0.7534,32,NVIDIA A40,True,,True,7.62939453125e-06,7.62939453125e-06,495.5,Sleep-c5-chambon-t26-s1
39,0.7354,60,NVIDIA A40,True,,True,9.5367431640625e-06,1.52587890625e-05,501.5,Sleep-c5-chambon-t26-s2
21,0.7432,42,NVIDIA A40,True,,True,7.62939453125e-06,4.76837158203125e-06,401.6,Sleep-c5-chambon-t27-s0
31,0.7647,52,NVIDIA A40,True,,True,7.62939453125e-06,7.62939453125e-06,430.4,Sleep-c5-chambon-t27-s1
55,0.7685,76,NVIDIA A40,True,,True,7.62939453125e-06,5.7220458984375e-06,588.8,Sleep-c5-chambon-t27-s2
19,0.7659,40,NVIDIA A40,True,,True,8.58306884765625e-06,7.62939453125e-06,363.3,Sleep-c5-chambon-t28-s0
33,0.7147,54,NVIDIA A40,True,,True,7.62939453125e-06,6.67572021484375e-06,458.2,Sleep-c5-chambon-t28-s1
39,0.7792,60,NVIDIA A40,True,,True,7.62939453125e-06,4.76837158203125e-06,666.5,Sleep-c5-chambon-t28-s2
55,0.7516,76,NVIDIA A40,True,,True,5.7220458984375e-06,5.7220458984375e-06,778.8,Sleep-c5-chambon-t29-s0
24,0.7528,45,NVIDIA A40,True,,True,1.1444091796875e-05,9.059906005859375e-06,389.5,Sleep-c5-chambon-t29-s1
36,0.7743,57,NVIDIA A40,True,,True,9.5367431640625e-06,5.7220458984375e-06,475.9,Sleep-c5-chambon-t29-s2
6,0.7313,30,NVIDIA A40,True,,True,6.67572021484375e-06,3.814697265625e-06,289.3,Sleep-c5-chambon-t30-s0
15,0.7633,36,NVIDIA A40,True,,True,9.5367431640625e-06,5.7220458984375e-06,336.1,Sleep-c5-chambon-t30-s1
45,0.7571,66,NVIDIA A40,True,,True,7.62939453125e-06,4.76837158203125e-06,532.4,Sleep-c5-chambon-t30-s2
99,0.7562,100,NVIDIA A40,True,,True,5.7220458984375e-06,7.62939453125e-06,742.9,Sleep-c5-chambon-t31-s0
15,0.7458,36,NVIDIA A40,True,,True,7.62939453125e-06,5.7220458984375e-06,380.9,Sleep-c5-chambon-t31-s1
38,0.7476,59,NVIDIA A40,True,,True,7.62939453125e-06,7.62939453125e-06,496.7,Sleep-c5-chambon-t31-s2
37,0.7625,58,NVIDIA A40,True,,True,9.5367431640625e-06,5.7220458984375e-06,479.7,Sleep-c5-chambon-t32-s0
55,0.7509,76,Tesla V100-PCIE-32GB,True,,True,1.1444091796875e-05,1.049041748046875e-05,847.1,Sleep-c5-chambon-t32-s1
29,0.7615,50,Tesla V100S-PCIE-32GB,True,,True,5.7220458984375e-06,4.76837158203125e-06,468.0,Sleep-c5-chambon-t32-s2
41,0.7586,62,Tesla V100S-PCIE-32GB,True,,True,8.58306884765625e-06,8.58306884765625e-06,702.7,Sleep-c5-chambon-t33-s0
22,0.753,43,Tesla V100S-PCIE-32GB,True,,True,7.62939453125e-06,6.67572021484375e-06,550.2,Sleep-c5-chambon-t33-s1
39,0.7253,60,Tesla V100S-PCIE-32GB,True,,True,7.62939453125e-06,7.62939453125e-06,653.1,Sleep-c5-chambon-t33-s2
37,0.7591,58,Tesla V100S-PCIE-32GB,True,,True,9.5367431640625e-06,5.245208740234375e-06,834.4,Sleep-c5-chambon-t34-s0
35,0.7431,56,Tesla V100-PCIE-16GB,True,,True,9.5367431640625e-06,4.76837158203125e-06,649.5,Sleep-c5-chambon-t34-s1
25,0.7578,46,Tesla V100S-PCIE-32GB,True,,True,7.62939453125e-06,1.1444091796875e-05,423.9,Sleep-c5-chambon-t34-s2
25,0.7466,46,Tesla V100S-PCIE-32GB,True,,True,5.7220458984375e-06,4.76837158203125e-06,474.3,Sleep-c5-chambon-t35-s0
24,0.7701,45,Tesla V100S-PCIE-32GB,True,,True,9.5367431640625e-06,6.67572021484375e-06,458.0,Sleep-c5-chambon-t35-s1
47,0.7562,68,Tesla V100S-PCIE-32GB,True,,True,9.5367431640625e-06,4.76837158203125e-06,694.8,Sleep-c5-chambon-t35-s2
20,0.7144,41,Tesla V100-PCIE-32GB,True,,True,5.7220458984375e-06,5.7220458984375e-06,492.6,Sleep-c5-chambon-t37-s0
48,0.7591,69,Tesla V100S-PCIE-32GB,True,,True,7.62939453125e-06,1.1444091796875e-05,770.3,Sleep-c5-chambon-t37-s1
68,0.7606,89,Tesla V100-PCIE-16GB,True,,True,9.5367431640625e-06,1.1444091796875e-05,967.2,Sleep-c5-chambon-t37-s2
30,0.7669,51,Tesla V100S-PCIE-32GB,True,,True,9.5367431640625e-06,7.62939453125e-06,468.0,Sleep-c5-chambon-t38-s0
58,0.7647,79,Tesla V100S-PCIE-32GB,True,,True,1.1444091796875e-05,8.58306884765625e-06,737.2,Sleep-c5-chambon-t38-s1
39,0.7497,60,Tesla V100S-PCIE-32GB,True,,True,7.62939453125e-06,5.7220458984375e-06,606.9,Sleep-c5-chambon-t38-s2
23,0.7693,44,Tesla V100-PCIE-32GB,True,,True,7.62939453125e-06,6.67572021484375e-06,527.4,Sleep-c5-chambon-t40-s0
55,0.7382,76,Tesla V100S-PCIE-32GB,True,,True,9.5367431640625e-06,5.7220458984375e-06,756.7,Sleep-c5-chambon-t40-s1
35,0.7448,56,Tesla V100S-PCIE-32GB,True,,True,9.5367431640625e-06,5.7220458984375e-06,501.7,Sleep-c5-chambon-t40-s2
25,0.7733,46,Tesla V100S-PCIE-32GB,True,,True,5.7220458984375e-06,5.7220458984375e-06,533.8,Sleep-c5-chambon-t41-s0
32,0.7338,53,Tesla V100-PCIE-32GB,True,,True,1.1444091796875e-05,5.7220458984375e-06,614.6,Sleep-c5-chambon-t41-s1
37,0.7852,58,Tesla V100S-PCIE-32GB,True,,True,6.67572021484375e-06,3.814697265625e-06,577.2,Sleep-c5-chambon-t41-s2
41,0.7375,62,Tesla V100S-PCIE-32GB,True,,True,6.67572021484375e-06,5.7220458984375e-06,609.1,Sleep-c5-chambon-t42-s0
88,0.773,100,Tesla V100-PCIE-16GB,True,,True,7.62939453125e-06,9.5367431640625e-06,1072.4,Sleep-c5-chambon-t42-s1
85,0.7561,100,Tesla V100S-PCIE-32GB,True,,True,6.9141387939453125e-06,9.5367431640625e-06,861.6,Sleep-c5-chambon-t42-s2
69,0.7305,90,Tesla V100S-PCIE-32GB,True,,True,7.62939453125e-06,7.62939453125e-06,885.2,Sleep-c5-chambon-t43-s0
41,0.7256,62,Tesla V100S-PCIE-32GB,True,,True,7.62939453125e-06,9.5367431640625e-06,691.8,Sleep-c5-chambon-t43-s1
14,0.7337,35,Tesla V100S-PCIE-32GB,True,,True,5.7220458984375e-06,9.5367431640625e-06,373.9,Sleep-c5-chambon-t43-s2
65,0.7453,86,Tesla V100-PCIE-32GB,True,,True,8.58306884765625e-06,7.62939453125e-06,940.7,Sleep-c5-chambon-t44-s0
52,0.7533,73,Tesla V100S-PCIE-32GB,True,,True,7.62939453125e-06,7.62939453125e-06,701.5,Sleep-c5-chambon-t44-s1
15,0.759,36,Tesla V100S-PCIE-32GB,True,,True,1.1444091796875e-05,5.7220458984375e-06,376.8,Sleep-c5-chambon-t44-s2
14,0.7522,35,Tesla V100S-PCIE-32GB,True,,True,7.62939453125e-06,5.7220458984375e-06,330.2,Sleep-c5-chambon-t45-s0
16,0.7349,37,Tesla V100S-PCIE-32GB,True,,True,5.7220458984375e-06,3.814697265625e-06,448.6,Sleep-c5-chambon-t45-s1
62,0.7586,83,Tesla V100-PCIE-16GB,True,,True,5.7220458984375e-06,3.814697265625e-06,894.2,Sleep-c5-chambon-t45-s2
50,0.733,71,Tesla V100S-PCIE-32GB,True,,True,5.7220458984375e-06,7.62939453125e-06,726.4,Sleep-c5-chambon-t46-s0
36,0.757,57,Tesla V100S-PCIE-32GB,True,,True,5.7220458984375e-06,5.7220458984375e-06,573.1,Sleep-c5-chambon-t46-s1
23,0.75,44,Tesla V100S-PCIE-32GB,True,,True,5.7220458984375e-06,7.62939453125e-06,466.7,Sleep-c5-chambon-t46-s2
94,0.7414,100,Tesla V100S-PCIE-32GB,True,,True,1.1444091796875e-05,7.62939453125e-06,865.0,Sleep-c5-chambon-t47-s0
37,0.7243,58,Tesla V100S-PCIE-32GB,True,,True,1.1444091796875e-05,5.7220458984375e-06,644.7,Sleep-c5-chambon-t47-s1
37,0.7597,58,Tesla V100-PCIE-32GB,True,,True,5.7220458984375e-06,6.198883056640625e-06,655.5,Sleep-c5-chambon-t47-s2
23,0.7385,44,Tesla V100S-PCIE-32GB,True,,True,7.62939453125e-06,4.76837158203125e-06,444.2,Sleep-c5-chambon-t48-s0
16,0.7245,37,Tesla V100S-PCIE-32GB,True,,True,1.33514404296875e-05,5.7220458984375e-06,399.0,Sleep-c5-chambon-t48-s1
15,0.7292,36,Tesla V100S-PCIE-32GB,True,,True,8.58306884765625e-06,5.7220458984375e-06,404.3,Sleep-c5-chambon-t48-s2
11,0.7282,32,Tesla V100-PCIE-16GB,True,,True,5.7220458984375e-06,6.67572021484375e-06,393.9,Sleep-c5-chambon-t49-s0
31,0.7583,52,Tesla V100S-PCIE-32GB,True,,True,6.67572021484375e-06,5.7220458984375e-06,591.7,Sleep-c5-chambon-t49-s1
39,0.7476,60,Tesla V100-PCIE-32GB,True,,True,5.7220458984375e-06,4.76837158203125e-06,677.2,Sleep-c5-chambon-t49-s2
42,0.7339,63,Tesla V100S-PCIE-32GB,True,,True,5.7220458984375e-06,3.814697265625e-06,567.5,Sleep-c5-chambon-t50-s0
16,0.7521,37,Tesla V100S-PCIE-32GB,True,,True,1.1444091796875e-05,1.1444091796875e-05,389.0,Sleep-c5-chambon-t50-s1
72,0.7612,93,Tesla V100S-PCIE-32GB,True,,True,7.62939453125e-06,5.7220458984375e-06,869.2,Sleep-c5-chambon-t50-s2
12,0.7203,33,Tesla V100S-PCIE-32GB,True,,True,6.67572021484375e-06,3.814697265625e-06,379.6,Sleep-c5-chambon-t51-s0
42,0.726,63,Tesla V100-PCIE-16GB,True,,True,1.33514404296875e-05,5.7220458984375e-06,707.1,Sleep-c5-chambon-t51-s1
52,0.7485,73,Tesla V100S-PCIE-32GB,True,,True,7.62939453125e-06,7.62939453125e-06,683.0,Sleep-c5-chambon-t51-s2
49,0.7319,70,Tesla V100S-PCIE-32GB,True,,True,7.62939453125e-06,5.7220458984375e-06,729.9,Sleep-c5-chambon-t53-s0
20,0.7541,41,Tesla V100S-PCIE-32GB,True,,True,5.7220458984375e-06,4.76837158203125e-06,379.4,Sleep-c5-chambon-t53-s1
34,0.7815,55,Tesla V100S-PCIE-32GB,True,,True,1.1444091796875e-05,6.67572021484375e-06,619.3,Sleep-c5-chambon-t53-s2
6,0.7322,30,Tesla V100-PCIE-32GB,True,,True,5.7220458984375e-06,5.7220458984375e-06,387.0,Sleep-c5-chambon-t54-s0
28,0.7551,49,Tesla V100-PCIE-16GB,True,,True,5.7220458984375e-06,4.76837158203125e-06,571.5,Sleep-c5-chambon-t54-s1
43,0.7408,64,Tesla V100S-PCIE-32GB,True,,True,3.814697265625e-06,3.814697265625e-06,568.2,Sleep-c5-chambon-t54-s2
75,0.7758,96,Tesla V100S-PCIE-32GB,True,,True,5.7220458984375e-06,5.7220458984375e-06,887.5,Sleep-c5-chambon-t55-s0
51,0.7449,72,Tesla V100-PCIE-32GB,True,,True,5.7220458984375e-06,5.7220458984375e-06,811.5,Sleep-c5-chambon-t55-s1
44,0.72,65,Tesla V100S-PCIE-32GB,True,,True,3.814697265625e-06,3.814697265625e-06,618.7,Sleep-c5-chambon-t55-s2
33,0.7779,54,Tesla V100S-PCIE-32GB,True,,True,3.814697265625e-06,3.814697265625e-06,611.8,Sleep-c5-chambon-t56-s0
73,0.7723,94,Tesla V100S-PCIE-32GB,True,,True,3.814697265625e-06,3.814697265625e-06,933.2,Sleep-c5-chambon-t56-s1
9,0.7599,30,Tesla V100-PCIE-16GB,True,,True,3.814697265625e-06,2.86102294921875e-06,361.8,Sleep-c5-chambon-t56-s2
50,0.7688,71,Tesla V100S-PCIE-32GB,True,,True,4.76837158203125e-06,3.814697265625e-06,623.4,Sleep-c5-chambon-t57-s0
44,0.7732,65,Tesla V100S-PCIE-32GB,True,,True,5.7220458984375e-06,3.814697265625e-06,630.1,Sleep-c5-chambon-t57-s1
26,0.7793,47,Tesla V100-PCIE-32GB,True,,True,4.76837158203125e-06,3.814697265625e-06,547.0,Sleep-c5-chambon-t57-s2
26,0.7634,47,Tesla V100S-PCIE-32GB,True,,True,4.76837158203125e-06,2.86102294921875e-06,490.7,Sleep-c5-chambon-t58-s0
26,0.742,47,Tesla V100S-PCIE-32GB,True,,True,3.814697265625e-06,3.814697265625e-06,541.4,Sleep-c5-chambon-t58-s1
13,0.7858,34,Tesla V100-PCIE-16GB,True,,True,3.814697265625e-06,2.86102294921875e-06,411.6,Sleep-c5-chambon-t58-s2
17,0.7701,38,Tesla V100S-PCIE-32GB,True,,True,3.814697265625e-06,2.86102294921875e-06,353.6,Sleep-c5-chambon-t59-s0
42,0.7599,63,Tesla V100S-PCIE-32GB,True,,True,3.814697265625e-06,2.86102294921875e-06,646.3,Sleep-c5-chambon-t59-s1
32,0.7734,53,Tesla V100-PCIE-16GB,True,,True,4.76837158203125e-06,3.814697265625e-06,602.7,Sleep-c5-chambon-t59-s2
62,0.7634,83,Tesla V100S-PCIE-32GB,True,,True,3.2186508178710938e-06,3.814697265625e-06,778.2,Sleep-c5-chambon-t60-s0
68,0.747,89,Tesla V100-PCIE-32GB,True,,True,5.7220458984375e-06,3.814697265625e-06,983.6,Sleep-c5-chambon-t60-s1
53,0.7533,74,Tesla V100S-PCIE-32GB,True,,True,3.814697265625e-06,3.814697265625e-06,709.9,Sleep-c5-chambon-t60-s2
28,0.7645,49,Tesla V100S-PCIE-32GB,True,,True,7.62939453125e-06,3.814697265625e-06,550.6,Sleep-c5-chambon-t61-s0
21,0.755,42,Tesla V100S-PCIE-32GB,True,,True,3.814697265625e-06,3.814697265625e-06,388.6,Sleep-c5-chambon-t61-s1
19,0.754,40,Tesla V100-PCIE-16GB,True,,True,7.62939453125e-06,3.814697265625e-06,487.2,Sleep-c5-chambon-t61-s2
14,0.7586,35,Tesla V100S-PCIE-32GB,True,,True,4.76837158203125e-06,2.86102294921875e-06,408.2,Sleep-c5-chambon-t62-s0
74,0.7679,95,Tesla V100S-PCIE-32GB,True,,True,5.7220458984375e-06,4.76837158203125e-06,972.9,Sleep-c5-chambon-t62-s1
13,0.758,34,Tesla V100S-PCIE-32GB,True,,True,5.7220458984375e-06,1.9073486328125e-06,389.5,Sleep-c5-chambon-t62-s2
19,0.7385,40,Tesla V100-PCIE-16GB,True,,True,5.7220458984375e-06,3.814697265625e-06,467.7,Sleep-c5-chambon-t63-s0
47,0.7774,68,Tesla V100S-PCIE-32GB,True,,True,5.7220458984375e-06,6.67572021484375e-06,750.4,Sleep-c5-chambon-t63-s1
33,0.7888,54,Tesla V100S-PCIE-32GB,True,,True,7.62939453125e-06,5.7220458984375e-06,489.6,Sleep-c5-chambon-t63-s2
12,0.7629,33,Tesla V100S-PCIE-32GB,True,,True,3.814697265625e-06,2.86102294921875e-06,384.8,Sleep-c5-chambon-t64-s0
18,0.7712,39,Tesla V100S-PCIE-32GB,True,,True,7.62939453125e-06,3.337860107421875e-06,437.5,Sleep-c5-chambon-t64-s1
63,0.7582,84,Tesla V100S-PCIE-32GB,True,,True,4.76837158203125e-06,4.76837158203125e-06,839.1,Sleep-c5-chambon-t64-s2
51,0.7531,72,Tesla V100S-PCIE-32GB,True,,True,5.7220458984375e-06,3.814697265625e-06,728.1,Sleep-c5-chambon-t65-s0
45,0.7347,66,Tesla V100-PCIE-16GB,True,,True,5.7220458984375e-06,4.76837158203125e-06,738.6,Sleep-c5-chambon-t65-s1
27,0.726,48,Tesla V100-PCIE-16GB,True,,True,3.814697265625e-06,2.86102294921875e-06,556.7,Sleep-c5-chambon-t65-s2
48,0.755,69,Tesla V100-PCIE-32GB,True,,True,5.7220458984375e-06,3.814697265625e-06,778.3,Sleep-c5-chambon-t66-s0
29,0.7728,50,Tesla V100S-PCIE-32GB,True,,True,5.7220458984375e-06,3.814697265625e-06,451.2,Sleep-c5-chambon-t66-s1
16,0.7678,37,Tesla V100S-PCIE-32GB,True,,True,5.7220458984375e-06,3.814697265625e-06,390.9,Sleep-c5-chambon-t66-s2
61,0.7533,82,Tesla V100S-PCIE-32GB,True,,True,5.7220458984375e-06,5.7220458984375e-06,773.1,Sleep-c5-chambon-t67-s0
53,0.7607,74,Tesla V100S-PCIE-32GB,True,,True,4.76837158203125e-06,3.814697265625e-06,794.4,Sleep-c5-chambon-t67-s1
43,0.754,64,Tesla V100S-PCIE-32GB,True,,True,4.76837158203125e-06,2.86102294921875e-06,678.5,Sleep-c5-chambon-t67-s2
26,0.7458,47,Tesla V100S-PCIE-32GB,True,,True,3.814697265625e-06,3.814697265625e-06,430.5,Sleep-c5-chambon-t70-s0
24,0.7215,45,Tesla V100S-PCIE-32GB,True,,True,5.7220458984375e-06,3.814697265625e-06,457.5,Sleep-c5-chambon-t70-s1
50,0.7569,71,Tesla V100-PCIE-16GB,True,,True,5.7220458984375e-06,3.814697265625e-06,782.1,Sleep-c5-chambon-t70-s2
98,0.7736,100,Tesla V100S-PCIE-32GB,True,,True,5.7220458984375e-06,2.86102294921875e-06,957.1,Sleep-c5-chambon-t71-s0
50,0.7626,71,Tesla V100-PCIE-16GB,True,,True,3.814697265625e-06,3.814697265625e-06,785.7,Sleep-c5-chambon-t71-s1
46,0.7344,67,Tesla V100S-PCIE-32GB,True,,True,3.814697265625e-06,5.7220458984375e-06,701.5,Sleep-c5-chambon-t71-s2
3,0.7219,30,Tesla V100-PCIE-32GB,True,,True,9.5367431640625e-06,3.814697265625e-06,381.0,Sleep-c5-chambon-t72-s0
87,0.7406,100,Tesla V100S-PCIE-32GB,True,,True,7.62939453125e-06,3.814697265625e-06,913.4,Sleep-c5-chambon-t72-s1
25,0.7324,46,Tesla V100S-PCIE-32GB,True,,True,7.62939453125e-06,1.9073486328125e-06,418.1,Sleep-c5-chambon-t72-s2
37,0.7242,58,Tesla V100S-PCIE-32GB,True,,True,7.62939453125e-06,3.337860107421875e-06,575.2,Sleep-c5-chambon-t73-s0
57,0.7615,78,Tesla V100S-PCIE-32GB,True,,True,3.814697265625e-06,2.86102294921875e-06,804.7,Sleep-c5-chambon-t73-s1
29,0.747,50,Tesla V100S-PCIE-32GB,True,,True,5.7220458984375e-06,2.86102294921875e-06,575.5,Sleep-c5-chambon-t73-s2
28,0.7603,49,Tesla V100-PCIE-32GB,True,,True,3.814697265625e-06,3.814697265625e-06,570.2,Sleep-c5-chambon-t74-s0
44,0.7412,65,Tesla V100-PCIE-16GB,True,,True,5.7220458984375e-06,3.337860107421875e-06,724.7,Sleep-c5-chambon-t74-s1
31,0.7781,52,Tesla V100S-PCIE-32GB,True,,True,5.7220458984375e-06,3.814697265625e-06,555.6,Sleep-c5-chambon-t74-s2
37,0.7537,58,Tesla V100-PCIE-16GB,True,,True,5.7220458984375e-06,3.814697265625e-06,663.6,Sleep-c5-chambon-t75-s0
21,0.7556,42,Tesla V100S-PCIE-32GB,True,,True,9.5367431640625e-06,3.814697265625e-06,387.1,Sleep-c5-chambon-t75-s1
45,0.7393,66,Tesla V100S-PCIE-32GB,True,,True,3.814697265625e-06,3.814697265625e-06,646.7,Sleep-c5-chambon-t75-s2
57,0.7742,78,Tesla V100S-PCIE-32GB,True,,True,2.86102294921875e-06,2.86102294921875e-06,784.4,Sleep-c5-chambon-t76-s0
35,0.732,56,Tesla V100S-PCIE-32GB,True,,True,5.7220458984375e-06,5.7220458984375e-06,625.5,Sleep-c5-chambon-t76-s1
38,0.7559,59,Tesla V100-PCIE-32GB,True,,True,5.7220458984375e-06,3.814697265625e-06,679.3,Sleep-c5-chambon-t76-s2
31,0.7498,52,Tesla V100S-PCIE-32GB,True,,True,5.7220458984375e-06,2.384185791015625e-06,537.1,Sleep-c5-chambon-t77-s0
40,0.7384,61,Tesla V100S-PCIE-32GB,True,,True,5.7220458984375e-06,5.7220458984375e-06,543.0,Sleep-c5-chambon-t77-s1
20,0.7564,41,Tesla V100S-PCIE-32GB,True,,True,4.76837158203125e-06,2.86102294921875e-06,466.3,Sleep-c5-chambon-t77-s2
48,0.7547,69,Tesla V100S-PCIE-32GB,True,,True,5.7220458984375e-06,3.814697265625e-06,717.2,Sleep-c5-chambon-t80-s0
21,0.7256,42,Tesla V100-PCIE-16GB,True,,True,3.814697265625e-06,3.814697265625e-06,482.7,Sleep-c5-chambon-t80-s1
19,0.7828,40,Tesla V100-PCIE-16GB,True,,True,3.814697265625e-06,2.86102294921875e-06,476.7,Sleep-c5-chambon-t80-s2
33,0.7601,54,Tesla V100S-PCIE-32GB,True,,True,5.7220458984375e-06,5.7220458984375e-06,546.0,Sleep-c5-chambon-t81-s0
81,0.7457,100,Tesla V100S-PCIE-32GB,True,,True,5.7220458984375e-06,5.7220458984375e-06,964.7,Sleep-c5-chambon-t81-s1
47,0.7381,68,Tesla V100S-PCIE-32GB,True,,True,3.814697265625e-06,3.814697265625e-06,738.3,Sleep-c5-chambon-t81-s2
45,0.7616,66,Tesla V100S-PCIE-32GB,True,,True,3.814697265625e-06,3.814697265625e-06,640.9,Sleep-c5-chambon-t82-s0
26,0.7625,47,Tesla V100S-PCIE-32GB,True,,True,5.7220458984375e-06,3.814697265625e-06,514.2,Sleep-c5-chambon-t82-s1
17,0.7501,38,Tesla V100-PCIE-32GB,True,,True,3.814697265625e-06,5.7220458984375e-06,463.2,Sleep-c5-chambon-t82-s2
11,0.6441,32,Tesla V100S-PCIE-32GB,True,,True,2.6226043701171875e-06,1.1920928955078125e-06,16.4,B14-c2-eegnet-t01-s0
12,0.5972,33,Tesla V100S-PCIE-32GB,True,,True,2.86102294921875e-06,1.1920928955078125e-06,16.8,B14-c2-eegnet-t01-s1
28,0.7205,49,Tesla V100S-PCIE-32GB,True,,True,4.76837158203125e-06,2.6226043701171875e-06,20.8,B14-c2-eegnet-t01-s2
19,0.8229,40,Tesla V100S-PCIE-32GB,True,,True,6.4373016357421875e-06,9.5367431640625e-07,18.4,B14-c2-eegnet-t02-s0
30,0.6389,51,Tesla V100-PCIE-16GB,True,,True,9.5367431640625e-06,1.1920928955078125e-06,28.0,B14-c2-eegnet-t02-s1
9,0.7552,30,Tesla V100-PCIE-16GB,True,,True,1.6689300537109375e-06,9.5367431640625e-07,21.3,B14-c2-eegnet-t02-s2
19,0.6997,40,Tesla V100S-PCIE-32GB,True,,True,4.76837158203125e-06,1.9073486328125e-06,24.1,B14-c2-eegnet-t03-s0
35,0.6736,56,Tesla V100S-PCIE-32GB,True,,True,4.76837158203125e-06,2.384185791015625e-06,22.5,B14-c2-eegnet-t03-s1
70,0.7674,91,Tesla V100-PCIE-16GB,True,,True,4.76837158203125e-06,3.337860107421875e-06,40.6,B14-c2-eegnet-t03-s2
34,0.684,55,Tesla V100-PCIE-16GB,True,,True,6.67572021484375e-06,1.9073486328125e-06,29.1,B14-c2-eegnet-t04-s0
47,0.6389,68,Tesla V100S-PCIE-32GB,True,,True,5.7220458984375e-06,1.9073486328125e-06,31.9,B14-c2-eegnet-t04-s1
24,0.6337,45,Tesla V100S-PCIE-32GB,True,,True,4.76837158203125e-06,1.430511474609375e-06,19.6,B14-c2-eegnet-t04-s2
28,0.6649,49,Tesla V100S-PCIE-32GB,True,,True,8.58306884765625e-06,1.1920928955078125e-06,20.7,B14-c2-eegnet-t05-s0
12,0.6181,33,Tesla V100-PCIE-16GB,True,,True,3.337860107421875e-06,6.556510925292969e-07,22.1,B14-c2-eegnet-t05-s1
37,0.7378,58,Tesla V100-PCIE-16GB,True,,True,5.7220458984375e-06,1.1324882507324219e-06,30.6,B14-c2-eegnet-t05-s2
13,0.6962,34,Tesla V100S-PCIE-32GB,True,,True,4.291534423828125e-06,2.384185791015625e-06,22.4,B14-c2-eegnet-t06-s0
80,0.6024,100,Tesla V100S-PCIE-32GB,True,,True,1.1444091796875e-05,5.245208740234375e-06,34.0,B14-c2-eegnet-t06-s1
20,0.6406,41,Tesla V100S-PCIE-32GB,True,,True,6.67572021484375e-06,3.814697265625e-06,18.4,B14-c2-eegnet-t06-s2
14,0.7465,35,Tesla V100-PCIE-16GB,True,,True,5.7220458984375e-06,8.344650268554688e-07,22.7,B14-c2-eegnet-t07-s0
15,0.8125,36,Tesla V100-PCIE-16GB,True,,True,5.245208740234375e-06,1.0728836059570312e-06,23.3,B14-c2-eegnet-t07-s1
25,0.6545,46,Tesla V100S-PCIE-32GB,True,,True,5.245208740234375e-06,1.6689300537109375e-06,25.7,B14-c2-eegnet-t07-s2
53,0.7396,74,Tesla V100S-PCIE-32GB,True,,True,5.7220458984375e-06,4.76837158203125e-06,27.4,B14-c2-eegnet-t08-s0
41,0.6667,62,Tesla V100S-PCIE-32GB,True,,True,6.67572021484375e-06,4.291534423828125e-06,24.2,B14-c2-eegnet-t08-s1
53,0.6597,74,Tesla V100-PCIE-16GB,True,,True,8.58306884765625e-06,4.291534423828125e-06,35.4,B14-c2-eegnet-t08-s2
9,0.5938,30,Tesla V100-PCIE-16GB,True,,True,1.430511474609375e-06,2.6226043701171875e-06,21.0,B14-c2-eegnet-t09-s0
44,0.6424,65,Tesla V100S-PCIE-32GB,True,,True,8.58306884765625e-06,8.58306884765625e-06,31.3,B14-c2-eegnet-t09-s1
49,0.5851,70,Tesla V100S-PCIE-32GB,True,,True,3.337860107421875e-06,7.62939453125e-06,33.0,B14-c2-eegnet-t09-s2
3,0.6823,30,Tesla V100-PCIE-32GB,True,,True,5.960464477539063e-08,5.960464477539063e-08,67.4,B14-c2-tsmnet-t01-s0
10,0.6979,31,Tesla V100S-PCIE-32GB,True,,True,1.1920928955078125e-07,2.384185791015625e-07,64.2,B14-c2-tsmnet-t01-s1
3,0.7587,30,Tesla V100S-PCIE-32GB,True,,True,5.960464477539063e-08,5.960464477539063e-08,64.0,B14-c2-tsmnet-t01-s2
15,0.9132,36,Tesla V100-PCIE-16GB,True,,True,2.384185791015625e-07,1.1920928955078125e-07,116.5,B14-c2-tsmnet-t02-s0
4,0.6771,30,Tesla V100-PCIE-16GB,True,,True,1.1920928955078125e-07,5.960464477539063e-08,102.2,B14-c2-tsmnet-t02-s1
18,0.8108,39,Tesla V100S-PCIE-32GB,True,,True,2.384185791015625e-07,1.1920928955078125e-07,126.6,B14-c2-tsmnet-t02-s2
21,0.651,42,Tesla V100S-PCIE-32GB,True,,True,2.384185791015625e-07,2.384185791015625e-07,131.3,B14-c2-tsmnet-t03-s0
21,0.7448,42,Tesla V100S-PCIE-32GB,True,,True,2.384185791015625e-07,2.384185791015625e-07,85.9,B14-c2-tsmnet-t03-s1
14,0.8021,35,Tesla V100-PCIE-16GB,True,,True,1.1920928955078125e-07,1.1920928955078125e-07,113.8,B14-c2-tsmnet-t03-s2
18,0.6753,39,Tesla V100-PCIE-16GB,True,,True,2.384185791015625e-07,1.1920928955078125e-07,145.4,B14-c2-tsmnet-t04-s0
25,0.6944,46,Tesla V100-PCIE-32GB,True,,True,2.384185791015625e-07,2.384185791015625e-07,98.8,B14-c2-tsmnet-t04-s1
29,0.7344,50,Tesla V100S-PCIE-32GB,True,,True,4.76837158203125e-07,2.384185791015625e-07,99.5,B14-c2-tsmnet-t04-s2
21,0.7257,42,Tesla V100S-PCIE-32GB,True,,True,4.76837158203125e-07,2.384185791015625e-07,84.8,B14-c2-tsmnet-t05-s0
20,0.7361,41,Tesla V100S-PCIE-32GB,True,,True,2.384185791015625e-07,1.1920928955078125e-07,134.3,B14-c2-tsmnet-t05-s1
19,0.8264,40,Tesla V100S-PCIE-32GB,True,,True,2.384185791015625e-07,1.1920928955078125e-07,81.0,B14-c2-tsmnet-t05-s2
4,0.7031,30,Tesla V100S-PCIE-32GB,True,,True,1.1920928955078125e-07,5.960464477539063e-08,100.1,B14-c2-tsmnet-t06-s0
9,0.6337,30,Tesla V100S-PCIE-32GB,True,,True,2.384185791015625e-07,1.1920928955078125e-07,97.9,B14-c2-tsmnet-t06-s1
6,0.6788,30,Tesla V100-PCIE-16GB,True,,True,1.1920928955078125e-07,1.1920928955078125e-07,98.1,B14-c2-tsmnet-t06-s2
35,0.8073,56,Tesla V100-PCIE-32GB,True,,True,2.384185791015625e-07,2.384185791015625e-07,137.1,B14-c2-tsmnet-t07-s0
17,0.8177,38,Tesla V100S-PCIE-32GB,True,,True,2.384185791015625e-07,1.1920928955078125e-07,77.3,B14-c2-tsmnet-t07-s1
8,0.7205,30,Tesla V100S-PCIE-32GB,True,,True,1.1920928955078125e-07,1.1920928955078125e-07,62.3,B14-c2-tsmnet-t07-s2
14,0.8299,35,Tesla V100S-PCIE-32GB,True,,True,1.1920928955078125e-07,2.384185791015625e-07,71.6,B14-c2-tsmnet-t08-s0
42,0.7292,63,Tesla V100-PCIE-16GB,True,,True,2.384185791015625e-07,2.384185791015625e-07,193.2,B14-c2-tsmnet-t08-s1
8,0.6545,30,Tesla V100S-PCIE-32GB,True,,True,1.1920928955078125e-07,1.1920928955078125e-07,99.9,B14-c2-tsmnet-t08-s2
24,0.6354,45,Tesla V100S-PCIE-32GB,True,,True,2.384185791015625e-07,2.384185791015625e-07,141.6,B14-c2-tsmnet-t09-s0
39,0.658,60,Tesla V100S-PCIE-32GB,True,,True,4.76837158203125e-07,4.76837158203125e-07,184.2,B14-c2-tsmnet-t09-s1
25,0.6528,46,Tesla V100S-PCIE-32GB,True,,True,2.384185791015625e-07,1.1920928955078125e-07,151.7,B14-c2-tsmnet-t09-s2
42,0.4089,63,Tesla V100-PCIE-16GB,True,,True,7.62939453125e-06,4.76837158203125e-06,53.3,B14-c4-eegnet-t01-s0
10,0.3472,31,Tesla V100S-PCIE-32GB,True,,True,5.7220458984375e-06,3.0994415283203125e-06,24.2,B14-c4-eegnet-t01-s1
31,0.5069,52,Tesla V100S-PCIE-32GB,True,,True,6.67572021484375e-06,2.86102294921875e-06,34.5,B14-c4-eegnet-t01-s2
22,0.605,43,Tesla V100-PCIE-32GB,True,,True,4.76837158203125e-06,1.6689300537109375e-06,37.9,B14-c4-eegnet-t02-s0
7,0.3299,30,Tesla V100S-PCIE-32GB,True,,True,6.198883056640625e-06,3.814697265625e-06,23.3,B14-c4-eegnet-t02-s1
23,0.474,44,Tesla V100S-PCIE-32GB,True,,True,5.7220458984375e-06,2.1457672119140625e-06,31.6,B14-c4-eegnet-t02-s2
19,0.4028,40,Tesla V100S-PCIE-32GB,True,,True,8.58306884765625e-06,3.814697265625e-06,28.7,B14-c4-eegnet-t03-s0
12,0.4332,33,Tesla V100-PCIE-16GB,True,,True,6.198883056640625e-06,2.86102294921875e-06,33.1,B14-c4-eegnet-t03-s1
21,0.5182,42,Tesla V100S-PCIE-32GB,True,,True,6.67572021484375e-06,2.384185791015625e-06,36.8,B14-c4-eegnet-t03-s2
54,0.441,75,Tesla V100-PCIE-32GB,True,,True,8.58306884765625e-06,2.1457672119140625e-06,59.5,B14-c4-eegnet-t04-s0
5,0.3429,30,Tesla V100S-PCIE-32GB,True,,True,2.1457672119140625e-06,1.430511474609375e-06,23.6,B14-c4-eegnet-t04-s1
22,0.349,43,Tesla V100S-PCIE-32GB,True,,True,6.67572021484375e-06,2.384185791015625e-06,30.3,B14-c4-eegnet-t04-s2
7,0.3628,30,Tesla V100S-PCIE-32GB,True,,True,7.62939453125e-06,2.6226043701171875e-06,23.6,B14-c4-eegnet-t05-s0
43,0.3689,64,Tesla V100-PCIE-16GB,True,,True,1.239776611328125e-05,3.6954879760742188e-06,53.2,B14-c4-eegnet-t05-s1
32,0.5286,53,Tesla V100-PCIE-16GB,True,,True,8.58306884765625e-06,2.6226043701171875e-06,46.5,B14-c4-eegnet-t05-s2
42,0.4774,63,Tesla V100S-PCIE-32GB,True,,True,1.1444091796875e-05,8.58306884765625e-06,50.9,B14-c4-eegnet-t06-s0
15,0.3342,36,Tesla V100S-PCIE-32GB,True,,True,1.33514404296875e-05,5.7220458984375e-06,27.3,B14-c4-eegnet-t06-s1
46,0.4661,67,Tesla V100S-PCIE-32GB,True,,True,1.33514404296875e-05,1.1444091796875e-05,43.0,B14-c4-eegnet-t06-s2
31,0.4818,52,Tesla V100S-PCIE-32GB,True,,True,6.67572021484375e-06,2.86102294921875e-06,34.9,B14-c4-eegnet-t07-s0
44,0.5321,65,Tesla V100S-PCIE-32GB,True,,True,1.1444091796875e-05,2.1457672119140625e-06,52.2,B14-c4-eegnet-t07-s1
42,0.4436,63,Tesla V100S-PCIE-32GB,True,,True,8.58306884765625e-06,1.6689300537109375e-06,53.1,B14-c4-eegnet-t07-s2
44,0.5122,65,Tesla V100-PCIE-16GB,True,,True,5.7220458984375e-06,4.76837158203125e-06,53.9,B14-c4-eegnet-t08-s0
39,0.4557,60,Tesla V100-PCIE-16GB,True,,True,6.198883056640625e-06,3.814697265625e-06,51.4,B14-c4-eegnet-t08-s1
35,0.3507,56,Tesla V100S-PCIE-32GB,True,,True,9.5367431640625e-06,4.76837158203125e-06,46.5,B14-c4-eegnet-t08-s2
11,0.2969,32,Tesla V100-PCIE-32GB,True,,True,4.76837158203125e-06,6.67572021484375e-06,31.5,B14-c4-eegnet-t09-s0
19,0.309,40,Tesla V100S-PCIE-32GB,True,,True,5.7220458984375e-06,1.52587890625e-05,28.3,B14-c4-eegnet-t09-s1
33,0.3099,54,Tesla V100S-PCIE-32GB,True,,True,5.245208740234375e-06,1.049041748046875e-05,36.3,B14-c4-eegnet-t09-s2
15,0.4965,36,Tesla V100S-PCIE-32GB,True,,True,2.384185791015625e-07,2.384185791015625e-07,143.4,B14-c4-tsmnet-t01-s0
3,0.4297,30,Tesla V100S-PCIE-32GB,True,,True,1.1920928955078125e-07,2.384185791015625e-07,185.9,B14-c4-tsmnet-t01-s1
3,0.5356,30,Tesla V100S-PCIE-32GB,True,,True,1.1920928955078125e-07,1.1920928955078125e-07,210.2,B14-c4-tsmnet-t01-s2
25,0.7257,46,Tesla V100-PCIE-16GB,True,,True,4.76837158203125e-07,2.384185791015625e-07,281.8,B14-c4-tsmnet-t02-s0
36,0.3941,57,Tesla V100-PCIE-16GB,True,,True,4.76837158203125e-07,2.384185791015625e-07,356.1,B14-c4-tsmnet-t02-s1
13,0.5651,34,Tesla V100S-PCIE-32GB,True,,True,4.76837158203125e-07,1.1920928955078125e-07,214.5,B14-c4-tsmnet-t02-s2
27,0.48,48,Tesla V100S-PCIE-32GB,True,,True,4.76837158203125e-07,4.76837158203125e-07,293.3,B14-c4-tsmnet-t03-s0
9,0.5373,30,Tesla V100-PCIE-32GB,True,,True,2.384185791015625e-07,2.384185791015625e-07,146.7,B14-c4-tsmnet-t03-s1
11,0.5781,32,Tesla V100S-PCIE-32GB,True,,True,4.76837158203125e-07,2.384185791015625e-07,128.6,B14-c4-tsmnet-t03-s2
9,0.4983,30,Tesla V100S-PCIE-32GB,True,,True,4.76837158203125e-07,2.384185791015625e-07,120.8,B14-c4-tsmnet-t04-s0
18,0.3967,39,Tesla V100S-PCIE-32GB,True,,True,4.76837158203125e-07,2.384185791015625e-07,238.6,B14-c4-tsmnet-t04-s1
9,0.4852,30,Tesla V100S-PCIE-32GB,True,,True,4.76837158203125e-07,2.384185791015625e-07,190.4,B14-c4-tsmnet-t04-s2
23,0.4566,44,Tesla V100-PCIE-32GB,True,,True,4.76837158203125e-07,2.384185791015625e-07,190.5,B14-c4-tsmnet-t05-s0
13,0.4957,34,Tesla V100S-PCIE-32GB,True,,True,4.76837158203125e-07,2.384185791015625e-07,134.6,B14-c4-tsmnet-t05-s1
10,0.6267,31,Tesla V100S-PCIE-32GB,True,,True,2.384185791015625e-07,2.384185791015625e-07,124.7,B14-c4-tsmnet-t05-s2
14,0.5608,35,Tesla V100S-PCIE-32GB,True,,True,4.76837158203125e-07,2.384185791015625e-07,138.7,B14-c4-tsmnet-t06-s0
18,0.5165,39,Tesla V100S-PCIE-32GB,True,,True,4.76837158203125e-07,4.76837158203125e-07,244.7,B14-c4-tsmnet-t06-s1
60,0.4583,81,Tesla V100-PCIE-16GB,True,,True,9.5367431640625e-07,4.76837158203125e-07,485.4,B14-c4-tsmnet-t06-s2
28,0.6137,49,Tesla V100S-PCIE-32GB,True,,True,4.76837158203125e-07,2.384185791015625e-07,294.8,B14-c4-tsmnet-t07-s0
16,0.5877,37,Tesla V100-PCIE-16GB,True,,True,2.384185791015625e-07,2.384185791015625e-07,233.5,B14-c4-tsmnet-t07-s1
11,0.553,32,Tesla V100S-PCIE-32GB,True,,True,2.384185791015625e-07,2.384185791015625e-07,198.8,B14-c4-tsmnet-t07-s2
18,0.592,39,Tesla V100S-PCIE-32GB,True,,True,2.384185791015625e-07,2.384185791015625e-07,247.9,B14-c4-tsmnet-t08-s0
11,0.5469,32,Tesla V100-PCIE-32GB,True,,True,2.384185791015625e-07,2.384185791015625e-07,158.2,B14-c4-tsmnet-t08-s1
0,0.3533,30,Tesla V100S-PCIE-32GB,True,,True,5.960464477539063e-08,5.960464477539063e-08,120.4,B14-c4-tsmnet-t08-s2
9,0.3359,30,Tesla V100S-PCIE-32GB,True,,True,2.384185791015625e-07,4.76837158203125e-07,122.2,B14-c4-tsmnet-t09-s0
23,0.3455,44,Tesla V100S-PCIE-32GB,True,,True,4.76837158203125e-07,4.76837158203125e-07,176.2,B14-c4-tsmnet-t09-s1
17,0.4193,38,Tesla V100S-PCIE-32GB,True,,True,4.76837158203125e-07,2.384185791015625e-07,238.8,B14-c4-tsmnet-t09-s2
27,0.6582,48,Tesla V100-PCIE-32GB,True,,True,3.814697265625e-06,2.384185791015625e-06,162.5,Lee-c2-eegnet-t01-s0
34,0.7068,55,Tesla V100S-PCIE-32GB,True,,True,2.86102294921875e-06,4.291534423828125e-06,142.3,Lee-c2-eegnet-t01-s1
14,0.6555,35,Tesla V100S-PCIE-32GB,True,,True,3.814697265625e-06,2.86102294921875e-06,110.3,Lee-c2-eegnet-t01-s2
53,0.7445,74,Tesla V100-PCIE-16GB,True,,True,3.337860107421875e-06,7.152557373046875e-07,242.4,Lee-c2-eegnet-t02-s0
7,0.7707,30,Tesla V100S-PCIE-32GB,True,,True,4.291534423828125e-06,5.960464477539062e-07,107.7,Lee-c2-eegnet-t02-s1
61,0.7725,82,Tesla V100S-PCIE-32GB,True,,True,4.76837158203125e-06,2.0265579223632812e-06,268.4,Lee-c2-eegnet-t02-s2
80,0.6916,100,Tesla V100S-PCIE-32GB,True,,True,3.337860107421875e-06,5.245208740234375e-06,264.9,Lee-c2-eegnet-t03-s0
99,0.7548,100,Tesla V100S-PCIE-32GB,True,,True,4.76837158203125e-06,6.67572021484375e-06,314.5,Lee-c2-eegnet-t03-s1
18,0.6925,39,Tesla V100S-PCIE-32GB,True,,True,3.337860107421875e-06,6.198883056640625e-06,118.5,Lee-c2-eegnet-t03-s2
61,0.745,82,Tesla V100S-PCIE-32GB,True,,True,3.814697265625e-06,4.470348358154297e-07,253.4,Lee-c2-eegnet-t04-s0
21,0.7057,42,Tesla V100S-PCIE-32GB,True,,True,4.291534423828125e-06,3.8743019104003906e-07,133.1,Lee-c2-eegnet-t04-s1
54,0.7691,75,Tesla V100-PCIE-16GB,True,,True,3.814697265625e-06,7.450580596923828e-07,243.6,Lee-c2-eegnet-t04-s2
30,0.7748,51,Tesla V100-PCIE-32GB,True,,True,4.76837158203125e-06,1.1920928955078125e-06,170.7,Lee-c2-eegnet-t05-s0
65,0.7757,86,Tesla V100S-PCIE-32GB,True,,True,4.291534423828125e-06,1.9073486328125e-06,212.8,Lee-c2-eegnet-t05-s1
38,0.718,59,Tesla V100-PCIE-16GB,True,,True,4.291534423828125e-06,1.430511474609375e-06,199.6,Lee-c2-eegnet-t05-s2
11,0.7434,32,Tesla V100S-PCIE-32GB,True,,True,4.291534423828125e-06,3.337860107421875e-06,101.2,Lee-c2-eegnet-t06-s0
35,0.7355,56,Tesla V100S-PCIE-32GB,True,,True,5.7220458984375e-06,2.6226043701171875e-06,177.2,Lee-c2-eegnet-t06-s1
17,0.7543,38,Tesla V100S-PCIE-32GB,True,,True,3.337860107421875e-06,2.86102294921875e-06,141.0,Lee-c2-eegnet-t06-s2
35,0.7534,56,Tesla V100-PCIE-32GB,True,,True,2.86102294921875e-06,2.384185791015625e-06,185.6,Lee-c2-eegnet-t07-s0
13,0.7686,34,Tesla V100S-PCIE-32GB,True,,True,3.814697265625e-06,1.9073486328125e-06,110.2,Lee-c2-eegnet-t07-s1
34,0.7545,55,Tesla V100S-PCIE-32GB,True,,True,4.291534423828125e-06,3.0994415283203125e-06,158.5,Lee-c2-eegnet-t07-s2
14,0.71,35,Tesla V100S-PCIE-32GB,True,,True,2.86102294921875e-06,6.67572021484375e-06,122.4,Lee-c2-eegnet-t08-s0
91,0.7682,100,Tesla V100S-PCIE-32GB,True,,True,5.7220458984375e-06,1.0013580322265625e-05,308.1,Lee-c2-eegnet-t08-s1
15,0.7282,36,Tesla V100-PCIE-16GB,True,,True,3.337860107421875e-06,4.291534423828125e-06,124.2,Lee-c2-eegnet-t08-s2
43,0.6768,64,Tesla V100S-PCIE-32GB,True,,True,4.291534423828125e-06,1.6689300537109375e-06,161.5,Lee-c2-eegnet-t09-s0
20,0.6868,41,Tesla V100S-PCIE-32GB,True,,True,4.291534423828125e-06,1.9073486328125e-06,124.6,Lee-c2-eegnet-t09-s1
15,0.698,36,Tesla V100-PCIE-16GB,True,,True,2.86102294921875e-06,2.1457672119140625e-06,128.4,Lee-c2-eegnet-t09-s2
36,0.697,57,Tesla V100-PCIE-32GB,True,,True,4.291534423828125e-06,9.5367431640625e-07,188.3,Lee-c2-eegnet-t10-s0
37,0.785,58,Tesla V100S-PCIE-32GB,True,,True,3.337860107421875e-06,1.430511474609375e-06,162.5,Lee-c2-eegnet-t10-s1
21,0.7043,42,Tesla V100S-PCIE-32GB,True,,True,4.291534423828125e-06,1.430511474609375e-06,127.7,Lee-c2-eegnet-t10-s2
9,0.695,30,Tesla V100S-PCIE-32GB,True,,True,5.245208740234375e-06,7.748603820800781e-07,118.7,Lee-c2-eegnet-t11-s0
5,0.7027,30,Tesla V100-PCIE-16GB,True,,True,3.814697265625e-06,5.364418029785156e-07,112.1,Lee-c2-eegnet-t11-s1
20,0.7025,41,Tesla V100S-PCIE-32GB,True,,True,3.814697265625e-06,4.76837158203125e-07,108.5,Lee-c2-eegnet-t11-s2
47,0.6952,68,Tesla V100S-PCIE-32GB,True,,True,3.814697265625e-06,1.9669532775878906e-06,215.2,Lee-c2-eegnet-t12-s0
10,0.7384,31,Tesla V100S-PCIE-32GB,True,,True,2.384185791015625e-06,1.430511474609375e-06,104.2,Lee-c2-eegnet-t12-s1
62,0.7918,83,Tesla V100S-PCIE-32GB,True,,True,4.291534423828125e-06,9.5367431640625e-07,267.7,Lee-c2-eegnet-t12-s2
4,0.7073,30,Tesla V100-PCIE-16GB,True,,True,3.337860107421875e-06,9.5367431640625e-07,113.0,Lee-c2-eegnet-t13-s0
38,0.7861,59,Tesla V100-PCIE-16GB,True,,True,3.814697265625e-06,1.430511474609375e-06,200.2,Lee-c2-eegnet-t13-s1
45,0.7236,66,Tesla V100S-PCIE-32GB,True,,True,4.291534423828125e-06,1.3113021850585938e-06,212.9,Lee-c2-eegnet-t13-s2
83,0.6795,100,Tesla V100S-PCIE-32GB,True,,True,4.291534423828125e-06,1.430511474609375e-06,299.6,Lee-c2-eegnet-t14-s0
7,0.6836,30,Tesla V100-PCIE-32GB,True,,True,3.337860107421875e-06,1.430511474609375e-06,109.7,Lee-c2-eegnet-t14-s1
50,0.6827,71,Tesla V100S-PCIE-32GB,True,,True,5.7220458984375e-06,2.2649765014648438e-06,178.0,Lee-c2-eegnet-t14-s2
36,0.7407,57,Tesla V100S-PCIE-32GB,True,,True,3.337860107421875e-06,7.152557373046875e-07,160.1,Lee-c2-eegnet-t15-s0
91,0.7584,100,Tesla V100-PCIE-16GB,True,,True,3.814697265625e-06,8.344650268554688e-07,311.0,Lee-c2-eegnet-t15-s1
17,0.6957,38,Tesla V100S-PCIE-32GB,True,,True,3.814697265625e-06,5.364418029785156e-07,117.1,Lee-c2-eegnet-t15-s2
38,0.7116,59,Tesla V100-PCIE-32GB,True,,True,5.7220458984375e-06,1.2516975402832031e-06,197.2,Lee-c2-eegnet-t16-s0
84,0.7564,100,Tesla V100S-PCIE-32GB,True,,True,4.291534423828125e-06,1.6689300537109375e-06,301.8,Lee-c2-eegnet-t16-s1
34,0.7118,55,Tesla V100S-PCIE-32GB,True,,True,3.814697265625e-06,1.1920928955078125e-06,141.6,Lee-c2-eegnet-t16-s2
63,0.7245,84,Tesla V100S-PCIE-32GB,True,,True,2.86102294921875e-06,1.430511474609375e-06,228.5,Lee-c2-eegnet-t17-s0
87,0.7075,100,Tesla V100S-PCIE-32GB,True,,True,2.384185791015625e-06,1.9073486328125e-06,262.9,Lee-c2-eegnet-t17-s1
33,0.6836,54,Tesla V100-PCIE-16GB,True,,True,5.7220458984375e-06,1.6689300537109375e-06,181.8,Lee-c2-eegnet-t17-s2
71,0.6382,92,Tesla V100S-PCIE-32GB,True,,True,3.814697265625e-06,4.76837158203125e-06,283.8,Lee-c2-eegnet-t18-s0
4,0.7627,30,Tesla V100S-PCIE-32GB,True,,True,4.291534423828125e-06,1.6689300537109375e-06,121.7,Lee-c2-eegnet-t18-s1
51,0.6798,72,Tesla V100S-PCIE-32GB,True,,True,3.814697265625e-06,2.86102294921875e-06,225.7,Lee-c2-eegnet-t18-s2
7,0.748,30,Tesla V100S-PCIE-32GB,True,,True,2.86102294921875e-06,2.1457672119140625e-06,120.5,Lee-c2-eegnet-t19-s0
17,0.7943,38,Tesla V100-PCIE-16GB,True,,True,3.337860107421875e-06,2.1457672119140625e-06,136.1,Lee-c2-eegnet-t19-s1
20,0.723,41,Tesla V100-PCIE-16GB,True,,True,3.814697265625e-06,4.291534423828125e-06,146.1,Lee-c2-eegnet-t19-s2
40,0.6834,61,Tesla V100-PCIE-32GB,True,,True,4.291534423828125e-06,1.430511474609375e-06,200.8,Lee-c2-eegnet-t20-s0
35,0.6605,56,Tesla V100S-PCIE-32GB,True,,True,4.76837158203125e-06,1.3113021850585938e-06,143.6,Lee-c2-eegnet-t20-s1
8,0.7016,30,Tesla V100S-PCIE-32GB,True,,True,4.76837158203125e-06,9.5367431640625e-07,94.5,Lee-c2-eegnet-t20-s2
32,0.707,53,Tesla V100S-PCIE-32GB,True,,True,3.814697265625e-06,3.814697265625e-06,173.3,Lee-c2-eegnet-t21-s0
86,0.7741,100,Tesla V100S-PCIE-32GB,True,,True,2.86102294921875e-06,6.198883056640625e-06,315.7,Lee-c2-eegnet-t21-s1
44,0.782,65,Tesla V100S-PCIE-32GB,True,,True,3.337860107421875e-06,5.7220458984375e-06,182.5,Lee-c2-eegnet-t21-s2
10,0.6977,31,Tesla V100S-PCIE-32GB,True,,True,3.814697265625e-06,1.6689300537109375e-06,102.5,Lee-c2-eegnet-t22-s0
19,0.7445,40,Tesla V100S-PCIE-32GB,True,,True,4.291534423828125e-06,2.1457672119140625e-06,135.8,Lee-c2-eegnet-t22-s1
19,0.7027,40,Tesla V100-PCIE-16GB,True,,True,3.337860107421875e-06,1.3113021850585938e-06,142.2,Lee-c2-eegnet-t22-s2
37,0.6816,58,Tesla V100-PCIE-16GB,True,,True,5.245208740234375e-06,1.3113021850585938e-06,191.9,Lee-c2-eegnet-t23-s0
52,0.7077,73,Tesla V100S-PCIE-32GB,True,,True,2.86102294921875e-06,1.1920928955078125e-06,230.4,Lee-c2-eegnet-t23-s1
65,0.8005,86,Tesla V100-PCIE-32GB,True,,True,3.337860107421875e-06,1.4901161193847656e-06,248.5,Lee-c2-eegnet-t23-s2
28,0.788,49,Tesla V100S-PCIE-32GB,True,,True,3.337860107421875e-06,5.960464477539062e-07,126.6,Lee-c2-eegnet-t24-s0
53,0.6886,74,Tesla V100S-PCIE-32GB,True,,True,3.337860107421875e-06,1.1920928955078125e-06,206.8,Lee-c2-eegnet-t24-s1
55,0.738,76,Tesla V100S-PCIE-32GB,True,,True,7.62939453125e-06,6.556510925292969e-07,207.3,Lee-c2-eegnet-t24-s2
27,0.7091,48,Tesla V100S-PCIE-32GB,True,,True,3.814697265625e-06,2.384185791015625e-06,143.8,Lee-c2-eegnet-t25-s0
5,0.7252,30,Tesla V100S-PCIE-32GB,True,,True,5.7220458984375e-06,8.344650268554688e-07,107.5,Lee-c2-eegnet-t25-s1
55,0.6943,76,Tesla V100-PCIE-16GB,True,,True,3.814697265625e-06,9.5367431640625e-07,243.2,Lee-c2-eegnet-t25-s2
86,0.682,100,Tesla V100S-PCIE-32GB,True,,True,3.814697265625e-06,1.0728836059570312e-06,245.8,Lee-c2-eegnet-t26-s0
79,0.7107,100,Tesla V100S-PCIE-32GB,True,,True,3.814697265625e-06,1.3113021850585938e-06,319.0,Lee-c2-eegnet-t26-s1
9,0.7764,30,Tesla V100-PCIE-16GB,True,,True,3.337860107421875e-06,1.1920928955078125e-06,112.6,Lee-c2-eegnet-t26-s2
43,0.7395,64,Tesla V100S-PCIE-32GB,True,,True,5.245208740234375e-06,5.364418029785156e-07,213.7,Lee-c2-eegnet-t27-s0
16,0.7198,37,Tesla V100S-PCIE-32GB,True,,True,4.291534423828125e-06,4.76837158203125e-07,127.4,Lee-c2-eegnet-t27-s1
49,0.7114,70,Tesla V100-PCIE-32GB,True,,True,5.7220458984375e-06,8.344650268554688e-07,228.9,Lee-c2-eegnet-t27-s2
42,0.7293,63,Tesla V100S-PCIE-32GB,True,,True,3.814697265625e-06,2.6226043701171875e-06,168.0,Lee-c2-eegnet-t28-s0
76,0.6864,97,Tesla V100S-PCIE-32GB,True,,True,3.337860107421875e-06,1.9073486328125e-06,296.9,Lee-c2-eegnet-t28-s1
47,0.6555,68,Tesla V100-PCIE-16GB,True,,True,3.814697265625e-06,2.1457672119140625e-06,231.9,Lee-c2-eegnet-t28-s2
73,0.7541,94,Tesla V100S-PCIE-32GB,True,,True,4.76837158203125e-06,2.2649765014648438e-06,250.1,Lee-c2-eegnet-t29-s0
9,0.7184,30,Tesla V100-PCIE-16GB,True,,True,4.291534423828125e-06,3.337860107421875e-06,112.7,Lee-c2-eegnet-t29-s1
61,0.8091,82,Tesla V100S-PCIE-32GB,True,,True,2.86102294921875e-06,1.5497207641601562e-06,252.1,Lee-c2-eegnet-t29-s2
78,0.7616,99,Tesla V100S-PCIE-32GB,True,,True,2.86102294921875e-06,2.384185791015625e-06,243.4,Lee-c2-eegnet-t30-s0
84,0.7334,100,Tesla V100S-PCIE-32GB,True,,True,4.76837158203125e-06,1.430511474609375e-06,256.6,Lee-c2-eegnet-t30-s1
45,0.6527,66,Tesla V100S-PCIE-32GB,True,,True,4.291534423828125e-06,3.814697265625e-06,214.8,Lee-c2-eegnet-t30-s2
45,0.7627,66,Tesla V100-PCIE-16GB,True,,True,3.814697265625e-06,8.344650268554688e-07,211.0,Lee-c2-eegnet-t31-s0
45,0.7593,66,Tesla V100-PCIE-32GB,True,,True,4.291534423828125e-06,4.76837158203125e-07,217.5,Lee-c2-eegnet-t31-s1
16,0.7361,37,Tesla V100S-PCIE-32GB,True,,True,3.814697265625e-06,9.5367431640625e-07,117.1,Lee-c2-eegnet-t31-s2
29,0.7077,50,Tesla V100S-PCIE-32GB,True,,True,3.814697265625e-06,3.814697265625e-06,182.2,Lee-c2-eegnet-t32-s0
44,0.6782,65,Tesla V100-PCIE-16GB,True,,True,4.76837158203125e-06,4.291534423828125e-06,220.3,Lee-c2-eegnet-t32-s1
70,0.7661,91,Tesla V100S-PCIE-32GB,True,,True,4.291534423828125e-06,3.814697265625e-06,266.4,Lee-c2-eegnet-t32-s2
45,0.6839,66,Tesla V100S-PCIE-32GB,True,,True,5.245208740234375e-06,3.814697265625e-06,206.7,Lee-c2-eegnet-t33-s0
35,0.7034,56,Tesla V100S-PCIE-32GB,True,,True,3.814697265625e-06,3.337860107421875e-06,143.7,Lee-c2-eegnet-t33-s1
70,0.7805,91,Tesla V100S-PCIE-32GB,True,,True,3.814697265625e-06,2.86102294921875e-06,236.1,Lee-c2-eegnet-t33-s2
65,0.6916,86,Tesla V100-PCIE-32GB,True,,True,4.76837158203125e-06,2.1457672119140625e-06,274.9,Lee-c2-eegnet-t34-s0
80,0.7636,100,Tesla V100S-PCIE-32GB,True,,True,3.814697265625e-06,2.6226043701171875e-06,265.4,Lee-c2-eegnet-t34-s1
26,0.7439,47,Tesla V100S-PCIE-32GB,True,,True,2.86102294921875e-06,2.384185791015625e-06,168.4,Lee-c2-eegnet-t34-s2
27,0.7161,48,Tesla V100-PCIE-16GB,True,,True,3.814697265625e-06,7.301568984985352e-07,163.3,Lee-c2-eegnet-t35-s0
35,0.7336,56,Tesla V100S-PCIE-32GB,True,,True,4.76837158203125e-06,8.940696716308594e-07,183.1,Lee-c2-eegnet-t35-s1
12,0.6855,33,Tesla V100-PCIE-16GB,True,,True,2.86102294921875e-06,1.0132789611816406e-06,123.6,Lee-c2-eegnet-t35-s2
16,0.7091,37,Tesla V100S-PCIE-32GB,True,,True,4.76837158203125e-06,4.291534423828125e-06,99.3,Lee-c2-eegnet-t36-s0
70,0.7427,91,Tesla V100S-PCIE-32GB,True,,True,5.245208740234375e-06,3.0994415283203125e-06,275.6,Lee-c2-eegnet-t36-s1
7,0.7314,30,Tesla V100S-PCIE-32GB,True,,True,2.6226043701171875e-06,2.384185791015625e-06,96.5,Lee-c2-eegnet-t36-s2
49,0.7105,70,Tesla V100S-PCIE-32GB,True,,True,6.198883056640625e-06,2.6226043701171875e-06,220.1,Lee-c2-eegnet-t37-s0
52,0.7741,73,Tesla V100S-PCIE-32GB,True,,True,3.337860107421875e-06,4.291534423828125e-06,240.1,Lee-c2-eegnet-t37-s1
30,0.728,51,Tesla V100-PCIE-16GB,True,,True,3.814697265625e-06,2.86102294921875e-06,173.7,Lee-c2-eegnet-t37-s2
72,0.7941,93,Tesla V100S-PCIE-32GB,True,,True,4.76837158203125e-06,7.748603820800781e-07,292.1,Lee-c2-eegnet-t38-s0
22,0.6943,43,Tesla V100-PCIE-16GB,True,,True,5.245208740234375e-06,6.556510925292969e-07,154.5,Lee-c2-eegnet-t38-s1
42,0.7375,63,Tesla V100S-PCIE-32GB,True,,True,5.7220458984375e-06,7.152557373046875e-07,159.7,Lee-c2-eegnet-t38-s2
24,0.775,45,Tesla V100-PCIE-32GB,True,,True,2.86102294921875e-06,1.430511474609375e-06,155.3,Lee-c2-eegnet-t39-s0
46,0.7564,67,Tesla V100S-PCIE-32GB,True,,True,2.86102294921875e-06,1.430511474609375e-06,184.1,Lee-c2-eegnet-t39-s1
45,0.688,66,Tesla V100S-PCIE-32GB,True,,True,4.76837158203125e-06,2.86102294921875e-06,183.2,Lee-c2-eegnet-t39-s2
25,0.7948,46,Tesla V100-PCIE-16GB,True,,True,4.291534423828125e-06,9.5367431640625e-07,156.2,Lee-c2-eegnet-t40-s0
40,0.7764,61,Tesla V100S-PCIE-32GB,True,,True,3.814697265625e-06,7.152557373046875e-07,155.6,Lee-c2-eegnet-t40-s1
53,0.6889,74,Tesla V100S-PCIE-32GB,True,,True,3.814697265625e-06,5.960464477539062e-07,209.0,Lee-c2-eegnet-t40-s2
16,0.6948,37,Tesla V100S-PCIE-32GB,True,,True,4.76837158203125e-06,6.556510925292969e-07,143.7,Lee-c2-eegnet-t41-s0
66,0.73,87,Tesla V100-PCIE-16GB,True,,True,3.814697265625e-06,8.344650268554688e-07,280.9,Lee-c2-eegnet-t41-s1
15,0.7032,36,Tesla V100S-PCIE-32GB,True,,True,4.291534423828125e-06,5.066394805908203e-07,126.1,Lee-c2-eegnet-t41-s2
23,0.6773,44,Tesla V100-PCIE-32GB,True,,True,4.291534423828125e-06,8.344650268554688e-07,153.0,Lee-c2-eegnet-t42-s0
27,0.7848,48,Tesla V100S-PCIE-32GB,True,,True,4.291534423828125e-06,1.9073486328125e-06,141.8,Lee-c2-eegnet-t42-s1
20,0.7018,41,Tesla V100S-PCIE-32GB,True,,True,3.814697265625e-06,5.960464477539062e-07,129.2,Lee-c2-eegnet-t42-s2
35,0.7416,56,Tesla V100S-PCIE-32GB,True,,True,4.291534423828125e-06,1.1920928955078125e-06,182.6,Lee-c2-eegnet-t43-s0
28,0.7745,49,Tesla V100-PCIE-16GB,True,,True,4.0531158447265625e-06,1.6689300537109375e-06,164.9,Lee-c2-eegnet-t43-s1
30,0.6641,51,Tesla V100S-PCIE-32GB,True,,True,7.62939453125e-06,1.430511474609375e-06,177.7,Lee-c2-eegnet-t43-s2
83,0.718,100,Tesla V100S-PCIE-32GB,True,,True,3.814697265625e-06,2.6226043701171875e-06,245.7,Lee-c2-eegnet-t44-s0
63,0.6961,84,Tesla V100S-PCIE-32GB,True,,True,2.86102294921875e-06,2.86102294921875e-06,259.2,Lee-c2-eegnet-t44-s1
53,0.7548,74,Tesla V100S-PCIE-32GB,True,,True,3.337860107421875e-06,2.86102294921875e-06,215.3,Lee-c2-eegnet-t44-s2
48,0.6573,69,Tesla V100-PCIE-32GB,True,,True,4.76837158203125e-06,1.5497207641601562e-06,232.0,Lee-c2-eegnet-t45-s0
46,0.7118,67,Tesla V100S-PCIE-32GB,True,,True,6.198883056640625e-06,1.3113021850585938e-06,183.8,Lee-c2-eegnet-t45-s1
45,0.7332,66,Tesla V100S-PCIE-32GB,True,,True,3.814697265625e-06,1.3113021850585938e-06,183.0,Lee-c2-eegnet-t45-s2
44,0.6895,65,Tesla V100S-PCIE-32GB,True,,True,5.7220458984375e-06,2.384185791015625e-06,202.6,Lee-c2-eegnet-t46-s0
43,0.7641,64,Tesla V100-PCIE-16GB,True,,True,3.814697265625e-06,3.814697265625e-06,212.4,Lee-c2-eegnet-t46-s1
46,0.7336,67,Tesla V100-PCIE-16GB,True,,True,2.1457672119140625e-06,2.384185791015625e-06,227.5,Lee-c2-eegnet-t46-s2
47,0.6934,68,Tesla V100S-PCIE-32GB,True,,True,3.814697265625e-06,1.9073486328125e-06,230.5,Lee-c2-eegnet-t47-s0
26,0.7882,47,Tesla V100S-PCIE-32GB,True,,True,3.337860107421875e-06,1.430511474609375e-06,123.1,Lee-c2-eegnet-t47-s1
60,0.6952,81,Tesla V100S-PCIE-32GB,True,,True,4.76837158203125e-06,1.6689300537109375e-06,218.2,Lee-c2-eegnet-t47-s2
19,0.7411,40,Tesla V100S-PCIE-32GB,True,,True,3.814697265625e-06,1.0728836059570312e-06,122.9,Lee-c2-eegnet-t48-s0
59,0.7916,80,Tesla V100S-PCIE-32GB,True,,True,4.291534423828125e-06,1.430511474609375e-06,246.8,Lee-c2-eegnet-t48-s1
38,0.7261,59,Tesla V100-PCIE-32GB,True,,True,3.337860107421875e-06,1.1920928955078125e-06,203.5,Lee-c2-eegnet-t48-s2
53,0.7518,74,Tesla V100S-PCIE-32GB,True,,True,5.7220458984375e-06,7.152557373046875e-07,232.6,Lee-c2-eegnet-t49-s0
63,0.7141,84,Tesla V100S-PCIE-32GB,True,,True,3.814697265625e-06,1.3113021850585938e-06,264.5,Lee-c2-eegnet-t49-s1
41,0.7234,62,Tesla V100-PCIE-16GB,True,,True,4.291534423828125e-06,1.0728836059570312e-06,200.4,Lee-c2-eegnet-t49-s2
33,0.72,54,Tesla V100-PCIE-16GB,True,,True,4.291534423828125e-06,8.344650268554688e-07,188.1,Lee-c2-eegnet-t50-s0
49,0.7811,70,Tesla V100S-PCIE-32GB,True,,True,3.814697265625e-06,8.642673492431641e-07,232.8,Lee-c2-eegnet-t50-s1
36,0.7705,57,Tesla V100S-PCIE-32GB,True,,True,3.337860107421875e-06,9.5367431640625e-07,146.3,Lee-c2-eegnet-t50-s2
43,0.835,64,Tesla V100S-PCIE-32GB,True,,True,3.337860107421875e-06,3.814697265625e-06,178.5,Lee-c2-eegnet-t51-s0
21,0.6805,42,Tesla V100S-PCIE-32GB,True,,True,5.7220458984375e-06,2.86102294921875e-06,122.9,Lee-c2-eegnet-t51-s1
90,0.7386,100,Tesla V100-PCIE-32GB,True,,True,4.291534423828125e-06,2.86102294921875e-06,326.9,Lee-c2-eegnet-t51-s2
34,0.6843,55,Tesla V100S-PCIE-32GB,True,,True,3.814697265625e-06,2.1457672119140625e-06,178.5,Lee-c2-eegnet-t52-s0
35,0.7516,56,Tesla V100-PCIE-16GB,True,,True,4.291534423828125e-06,2.1457672119140625e-06,196.4,Lee-c2-eegnet-t52-s1
6,0.7057,30,Tesla V100S-PCIE-32GB,True,,True,3.337860107421875e-06,1.6689300537109375e-06,83.2,Lee-c2-eegnet-t52-s2
10,0.6945,31,Tesla V100S-PCIE-32GB,True,,True,3.337860107421875e-06,9.5367431640625e-07,99.1,Lee-c2-eegnet-t53-s0
94,0.7159,100,Tesla V100S-PCIE-32GB,True,,True,4.291534423828125e-06,1.1920928955078125e-06,264.0,Lee-c2-eegnet-t53-s1
24,0.7234,45,Tesla V100-PCIE-16GB,True,,True,2.86102294921875e-06,8.344650268554688e-07,146.0,Lee-c2-eegnet-t53-s2
26,0.783,47,Tesla V100S-PCIE-32GB,True,,True,4.76837158203125e-06,1.9073486328125e-06,156.1,Lee-c2-eegnet-t54-s0
31,0.7411,52,Tesla V100S-PCIE-32GB,True,,True,4.291534423828125e-06,1.430511474609375e-06,184.6,Lee-c2-eegnet-t54-s1
51,0.745,72,Tesla V100S-PCIE-32GB,True,,True,3.337860107421875e-06,1.043081283569336e-06,231.2,Lee-c2-eegnet-t54-s2
26,0.673,47,Tesla V100S-PCIE-32GB,True,,True,4.76837158203125e-07,2.384185791015625e-07,1394.0,Lee-c2-tsmnet-t01-s0
27,0.7352,48,Tesla V100S-PCIE-32GB,True,,True,4.76837158203125e-07,2.384185791015625e-07,930.2,Lee-c2-tsmnet-t01-s1
26,0.687,47,Tesla V100S-PCIE-32GB,True,,True,4.76837158203125e-07,2.384185791015625e-07,1030.9,Lee-c2-tsmnet-t01-s2
11,0.7855,32,Tesla V100-PCIE-16GB,True,,True,4.76837158203125e-07,2.384185791015625e-07,979.1,Lee-c2-tsmnet-t02-s0
3,0.8145,30,Tesla V100-PCIE-16GB,True,,True,2.384185791015625e-07,2.384185791015625e-07,956.5,Lee-c2-tsmnet-t02-s1
16,0.8011,37,Tesla V100S-PCIE-32GB,True,,True,4.76837158203125e-07,2.384185791015625e-07,1139.4,Lee-c2-tsmnet-t02-s2
6,0.7234,30,Tesla V100S-PCIE-32GB,True,,True,2.384185791015625e-07,2.384185791015625e-07,938.8,Lee-c2-tsmnet-t03-s0
8,0.7761,30,Tesla V100-PCIE-32GB,True,,True,2.384185791015625e-07,4.76837158203125e-07,759.0,Lee-c2-tsmnet-t03-s1
4,0.73,30,Tesla V100S-PCIE-32GB,True,,True,2.384185791015625e-07,4.76837158203125e-07,707.1,Lee-c2-tsmnet-t03-s2
16,0.777,37,Tesla V100S-PCIE-32GB,True,,True,4.76837158203125e-07,2.384185791015625e-07,1131.1,Lee-c2-tsmnet-t04-s0
30,0.73,51,Tesla V100S-PCIE-32GB,True,,True,4.76837158203125e-07,2.384185791015625e-07,1018.9,Lee-c2-tsmnet-t04-s1
15,0.7982,36,Tesla V100-PCIE-32GB,True,,True,2.384185791015625e-07,1.1920928955078125e-07,901.1,Lee-c2-tsmnet-t04-s2
15,0.8241,36,Tesla V100S-PCIE-32GB,True,,True,4.76837158203125e-07,2.384185791015625e-07,701.9,Lee-c2-tsmnet-t05-s0
58,0.8089,79,Tesla V100-PCIE-16GB,True,,True,4.76837158203125e-07,2.384185791015625e-07,2360.9,Lee-c2-tsmnet-t05-s1
12,0.7711,33,Tesla V100-PCIE-16GB,True,,True,4.76837158203125e-07,2.384185791015625e-07,1100.7,Lee-c2-tsmnet-t05-s2
5,0.7861,30,Tesla V100S-PCIE-32GB,True,,True,2.384185791015625e-07,2.384185791015625e-07,609.4,Lee-c2-tsmnet-t06-s0
8,0.748,30,Tesla V100S-PCIE-32GB,True,,True,4.76837158203125e-07,2.384185791015625e-07,931.4,Lee-c2-tsmnet-t06-s1
16,0.815,37,Tesla V100S-PCIE-32GB,True,,True,4.76837158203125e-07,2.384185791015625e-07,1145.0,Lee-c2-tsmnet-t06-s2
16,0.7941,37,Tesla V100S-PCIE-32GB,True,,True,2.384185791015625e-07,1.1920928955078125e-07,1173.8,Lee-c2-tsmnet-t07-s0
29,0.8095,50,Tesla V100S-PCIE-32GB,True,,True,4.76837158203125e-07,1.1920928955078125e-07,1497.0,Lee-c2-tsmnet-t07-s1
5,0.7818,30,Tesla V100S-PCIE-32GB,True,,True,2.384185791015625e-07,1.1920928955078125e-07,587.3,Lee-c2-tsmnet-t07-s2
4,0.7575,30,Tesla V100S-PCIE-32GB,True,,True,2.384185791015625e-07,2.384185791015625e-07,608.5,Lee-c2-tsmnet-t08-s0
8,0.7761,30,Tesla V100-PCIE-32GB,True,,True,4.76837158203125e-07,2.384185791015625e-07,647.7,Lee-c2-tsmnet-t08-s1
4,0.7466,30,Tesla V100S-PCIE-32GB,True,,True,2.384185791015625e-07,1.1920928955078125e-07,614.4,Lee-c2-tsmnet-t08-s2
22,0.7266,43,Tesla V100S-PCIE-32GB,True,,True,4.76837158203125e-07,2.384185791015625e-07,1331.4,Lee-c2-tsmnet-t09-s0
40,0.7341,61,Tesla V100-PCIE-16GB,True,,True,4.76837158203125e-07,4.76837158203125e-07,2026.4,Lee-c2-tsmnet-t09-s1
5,0.7261,30,Tesla V100S-PCIE-32GB,True,,True,2.384185791015625e-07,2.384185791015625e-07,584.9,Lee-c2-tsmnet-t09-s2
9,0.7407,30,Tesla V100S-PCIE-32GB,True,,True,2.384185791015625e-07,1.1920928955078125e-07,612.5,Lee-c2-tsmnet-t10-s0
2,0.8134,30,Tesla V100S-PCIE-32GB,True,,True,2.384185791015625e-07,1.1920928955078125e-07,924.2,Lee-c2-tsmnet-t10-s1
23,0.7627,44,Tesla V100-PCIE-32GB,True,,True,4.76837158203125e-07,2.384185791015625e-07,1103.8,Lee-c2-tsmnet-t10-s2
2,0.7236,30,Tesla V100S-PCIE-32GB,True,,True,2.384185791015625e-07,1.1920928955078125e-07,901.2,Lee-c2-tsmnet-t11-s0
59,0.735,80,Tesla V100S-PCIE-32GB,True,,True,4.76837158203125e-07,1.1920928955078125e-07,1649.9,Lee-c2-tsmnet-t11-s1
18,0.7584,39,Tesla V100S-PCIE-32GB,True,,True,4.76837158203125e-07,1.1920928955078125e-07,1176.3,Lee-c2-tsmnet-t11-s2
19,0.7066,40,Tesla V100S-PCIE-32GB,True,,True,4.76837158203125e-07,2.384185791015625e-07,776.7,Lee-c2-tsmnet-t12-s0
5,0.7773,30,Tesla V100S-PCIE-32GB,True,,True,2.384185791015625e-07,1.1920928955078125e-07,653.9,Lee-c2-tsmnet-t12-s1
22,0.8218,43,Tesla V100-PCIE-16GB,True,,True,4.76837158203125e-07,2.384185791015625e-07,1305.4,Lee-c2-tsmnet-t12-s2
1,0.7366,30,Tesla V100S-PCIE-32GB,True,,True,2.384185791015625e-07,1.1920928955078125e-07,927.6,Lee-c2-tsmnet-t13-s0
11,0.8155,32,Tesla V100S-PCIE-32GB,True,,True,4.76837158203125e-07,1.1920928955078125e-07,1046.0,Lee-c2-tsmnet-t13-s1
19,0.753,40,Tesla V100S-PCIE-32GB,True,,True,4.76837158203125e-07,2.384185791015625e-07,1302.3,Lee-c2-tsmnet-t13-s2
15,0.7014,36,Tesla V100-PCIE-32GB,True,,True,2.384185791015625e-07,1.1920928955078125e-07,774.0,Lee-c2-tsmnet-t14-s0
0,0.7259,30,Tesla V100S-PCIE-32GB,True,,True,2.384185791015625e-07,1.1920928955078125e-07,585.3,Lee-c2-tsmnet-t14-s1
38,0.7248,59,Tesla V100S-PCIE-32GB,True,,True,4.76837158203125e-07,2.384185791015625e-07,1351.5,Lee-c2-tsmnet-t14-s2
99,0.7993,100,Tesla V100S-PCIE-32GB,True,,True,4.76837158203125e-07,1.1920928955078125e-07,2917.8,Lee-c2-tsmnet-t15-s0
11,0.835,32,Tesla V100-PCIE-16GB,True,,True,2.384185791015625e-07,5.960464477539063e-08,1096.2,Lee-c2-tsmnet-t15-s1
20,0.7334,41,Tesla V100S-PCIE-32GB,True,,True,4.76837158203125e-07,1.1920928955078125e-07,983.7,Lee-c2-tsmnet-t15-s2
44,0.7586,65,Tesla V100S-PCIE-32GB,True,,True,4.76837158203125e-07,2.384185791015625e-07,1248.7,Lee-c2-tsmnet-t16-s0
10,0.7784,31,Tesla V100S-PCIE-32GB,True,,True,2.384185791015625e-07,2.384185791015625e-07,963.0,Lee-c2-tsmnet-t16-s1
14,0.7291,35,Tesla V100-PCIE-32GB,True,,True,4.76837158203125e-07,2.384185791015625e-07,858.7,Lee-c2-tsmnet-t16-s2
4,0.7518,30,Tesla V100S-PCIE-32GB,True,,True,2.384185791015625e-07,2.384185791015625e-07,1005.3,Lee-c2-tsmnet-t17-s0
12,0.7425,33,Tesla V100-PCIE-16GB,True,,True,2.384185791015625e-07,2.384185791015625e-07,1016.3,Lee-c2-tsmnet-t17-s1
34,0.7102,55,Tesla V100S-PCIE-32GB,True,,True,4.76837158203125e-07,2.384185791015625e-07,1692.7,Lee-c2-tsmnet-t17-s2
31,0.6618,52,Tesla V100S-PCIE-32GB,True,,True,4.76837158203125e-07,2.384185791015625e-07,1015.0,Lee-c2-tsmnet-t18-s0
24,0.8016,45,Tesla V100S-PCIE-32GB,True,,True,4.76837158203125e-07,4.76837158203125e-07,884.2,Lee-c2-tsmnet-t18-s1
6,0.7323,30,Tesla V100-PCIE-16GB,True,,True,2.384185791015625e-07,4.76837158203125e-07,914.6,Lee-c2-tsmnet-t18-s2
17,0.8105,38,Tesla V100-PCIE-32GB,True,,True,4.76837158203125e-07,2.384185791015625e-07,924.5,Lee-c2-tsmnet-t19-s0
9,0.8036,30,Tesla V100S-PCIE-32GB,True,,True,2.384185791015625e-07,2.384185791015625e-07,940.4,Lee-c2-tsmnet-t19-s1
1,0.7825,30,Tesla V100S-PCIE-32GB,True,,True,2.384185791015625e-07,2.384185791015625e-07,969.5,Lee-c2-tsmnet-t19-s2
24,0.7127,45,Tesla V100S-PCIE-32GB,True,,True,4.76837158203125e-07,2.384185791015625e-07,868.5,Lee-c2-tsmnet-t20-s0
30,0.7036,51,Tesla V100-PCIE-16GB,True,,True,4.76837158203125e-07,2.384185791015625e-07,1523.4,Lee-c2-tsmnet-t20-s1
0,0.737,30,Tesla V100S-PCIE-32GB,True,,True,1.1920928955078125e-07,5.960464477539063e-08,614.4,Lee-c2-tsmnet-t20-s2
10,0.7539,31,Tesla V100S-PCIE-32GB,True,,True,4.76837158203125e-07,2.384185791015625e-07,631.0,Lee-c2-tsmnet-t21-s0
4,0.8084,30,Tesla V100-PCIE-16GB,True,,True,2.384185791015625e-07,2.384185791015625e-07,965.5,Lee-c2-tsmnet-t21-s1
12,0.813,33,Tesla V100-PCIE-32GB,True,,True,4.76837158203125e-07,4.76837158203125e-07,682.1,Lee-c2-tsmnet-t21-s2
8,0.7568,30,Tesla V100S-PCIE-32GB,True,,True,2.384185791015625e-07,1.1920928955078125e-07,936.3,Lee-c2-tsmnet-t22-s0
21,0.7814,42,Tesla V100S-PCIE-32GB,True,,True,4.76837158203125e-07,2.384185791015625e-07,819.8,Lee-c2-tsmnet-t22-s1
13,0.7366,34,Tesla V100S-PCIE-32GB,True,,True,2.384185791015625e-07,2.384185791015625e-07,1062.8,Lee-c2-tsmnet-t22-s2
6,0.7373,30,Tesla V100S-PCIE-32GB,True,,True,2.384185791015625e-07,1.1920928955078125e-07,1033.7,Lee-c2-tsmnet-t23-s0
15,0.7427,36,Tesla V100S-PCIE-32GB,True,,True,4.76837158203125e-07,2.384185791015625e-07,728.1,Lee-c2-tsmnet-t23-s1
62,0.8255,83,Tesla V100S-PCIE-32GB,True,,True,4.76837158203125e-07,2.384185791015625e-07,1714.1,Lee-c2-tsmnet-t23-s2
17,0.8105,38,Tesla V100S-PCIE-32GB,True,,True,4.76837158203125e-07,1.1920928955078125e-07,1141.1,Lee-c2-tsmnet-t24-s0
14,0.7348,35,Tesla V100-PCIE-32GB,True,,True,2.384185791015625e-07,1.1920928955078125e-07,726.9,Lee-c2-tsmnet-t24-s1
15,0.7527,36,Tesla V100-PCIE-16GB,True,,True,4.76837158203125e-07,1.1920928955078125e-07,1139.3,Lee-c2-tsmnet-t24-s2
9,0.7486,30,Tesla V100-PCIE-16GB,True,,True,4.76837158203125e-07,1.1920928955078125e-07,924.6,Lee-c2-tsmnet-t25-s0
43,0.7925,64,Tesla V100S-PCIE-32GB,True,,True,4.76837158203125e-07,2.384185791015625e-07,1231.7,Lee-c2-tsmnet-t25-s1
6,0.7077,30,Tesla V100S-PCIE-32GB,True,,True,4.76837158203125e-07,1.1920928955078125e-07,937.9,Lee-c2-tsmnet-t25-s2
16,0.7045,37,Tesla V100S-PCIE-32GB,True,,True,4.76837158203125e-07,2.384185791015625e-07,1219.2,Lee-c2-tsmnet-t26-s0
29,0.735,50,Tesla V100S-PCIE-32GB,True,,True,4.76837158203125e-07,2.384185791015625e-07,1066.9,Lee-c2-tsmnet-t26-s1
4,0.8098,30,Tesla V100S-PCIE-32GB,True,,True,4.76837158203125e-07,1.1920928955078125e-07,897.7,Lee-c2-tsmnet-t26-s2
20,0.7682,41,Tesla V100-PCIE-32GB,True,,True,4.76837158203125e-07,2.384185791015625e-07,846.1,Lee-c2-tsmnet-t27-s0
11,0.7816,32,Tesla V100S-PCIE-32GB,True,,True,2.384185791015625e-07,1.1920928955078125e-07,967.6,Lee-c2-tsmnet-t27-s1
10,0.7764,31,Tesla V100-PCIE-16GB,True,,True,2.384185791015625e-07,1.1920928955078125e-07,939.1,Lee-c2-tsmnet-t27-s2
3,0.7468,30,Tesla V100S-PCIE-32GB,True,,True,4.76837158203125e-07,2.384185791015625e-07,942.0,Lee-c2-tsmnet-t28-s0
5,0.7132,30,Tesla V100-PCIE-16GB,True,,True,2.384185791015625e-07,2.384185791015625e-07,938.7,Lee-c2-tsmnet-t28-s1
27,0.682,48,Tesla V100S-PCIE-32GB,True,,True,4.76837158203125e-07,4.76837158203125e-07,1112.8,Lee-c2-tsmnet-t28-s2
14,0.7836,35,Tesla V100S-PCIE-32GB,True,,True,4.76837158203125e-07,1.1920928955078125e-07,1129.3,Lee-c2-tsmnet-t29-s0
3,0.7568,30,Tesla V100S-PCIE-32GB,True,,True,2.384185791015625e-07,1.1920928955078125e-07,589.2,Lee-c2-tsmnet-t29-s1
23,0.8543,44,Tesla V100-PCIE-32GB,True,,True,4.76837158203125e-07,2.384185791015625e-07,1066.5,Lee-c2-tsmnet-t29-s2
1,0.788,30,Tesla V100S-PCIE-32GB,True,,True,2.384185791015625e-07,2.384185791015625e-07,772.0,Lee-c2-tsmnet-t30-s0
43,0.7455,64,Tesla V100S-PCIE-32GB,True,,True,4.76837158203125e-07,2.384185791015625e-07,2248.1,Lee-c2-tsmnet-t30-s1
27,0.6995,48,Tesla V100S-PCIE-32GB,True,,True,4.76837158203125e-07,2.384185791015625e-07,1436.0,Lee-c2-tsmnet-t30-s2
8,0.7925,30,Tesla V100S-PCIE-32GB,True,,True,4.76837158203125e-07,1.1920928955078125e-07,582.7,Lee-c2-tsmnet-t31-s0
4,0.7843,30,Tesla V100-PCIE-16GB,True,,True,2.384185791015625e-07,1.1920928955078125e-07,907.1,Lee-c2-tsmnet-t31-s1
2,0.7514,30,Tesla V100S-PCIE-32GB,True,,True,2.384185791015625e-07,1.1920928955078125e-07,932.6,Lee-c2-tsmnet-t31-s2
20,0.7327,41,Tesla V100-PCIE-16GB,True,,True,4.76837158203125e-07,4.76837158203125e-07,1255.7,Lee-c2-tsmnet-t32-s0
48,0.6927,69,Tesla V100S-PCIE-32GB,True,,True,4.76837158203125e-07,4.76837158203125e-07,1499.9,Lee-c2-tsmnet-t32-s1
6,0.7764,30,Tesla V100S-PCIE-32GB,True,,True,4.76837158203125e-07,4.76837158203125e-07,601.2,Lee-c2-tsmnet-t32-s2
27,0.7261,48,Tesla V100S-PCIE-32GB,True,,True,4.76837158203125e-07,4.76837158203125e-07,1452.5,Lee-c2-tsmnet-t33-s0
20,0.7395,41,Tesla V100-PCIE-32GB,True,,True,4.76837158203125e-07,4.76837158203125e-07,846.3,Lee-c2-tsmnet-t33-s1
6,0.8195,30,Tesla V100S-PCIE-32GB,True,,True,2.384185791015625e-07,2.384185791015625e-07,583.2,Lee-c2-tsmnet-t33-s2
19,0.742,40,Tesla V100-PCIE-16GB,True,,True,4.76837158203125e-07,1.1920928955078125e-07,1209.1,Lee-c2-tsmnet-t34-s0
16,0.8027,37,Tesla V100S-PCIE-32GB,True,,True,4.76837158203125e-07,1.1920928955078125e-07,873.8,Lee-c2-tsmnet-t34-s1
33,0.7766,54,Tesla V100S-PCIE-32GB,True,,True,4.76837158203125e-07,1.1920928955078125e-07,1655.7,Lee-c2-tsmnet-t34-s2
3,0.7436,30,Tesla V100S-PCIE-32GB,True,,True,2.384185791015625e-07,1.1920928955078125e-07,590.6,Lee-c2-tsmnet-t35-s0
14,0.7598,35,Tesla V100-PCIE-32GB,True,,True,4.76837158203125e-07,1.1920928955078125e-07,723.5,Lee-c2-tsmnet-t35-s1
21,0.7459,42,Tesla V100S-PCIE-32GB,True,,True,4.76837158203125e-07,1.1920928955078125e-07,1247.3,Lee-c2-tsmnet-t35-s2
6,0.7527,30,Tesla V100-PCIE-16GB,True,,True,4.76837158203125e-07,2.384185791015625e-07,950.7,Lee-c2-tsmnet-t36-s0
63,0.7652,84,Tesla V100S-PCIE-32GB,True,,True,4.76837158203125e-07,2.384185791015625e-07,1611.1,Lee-c2-tsmnet-t36-s1
9,0.7609,30,Tesla V100S-PCIE-32GB,True,,True,4.76837158203125e-07,2.384185791015625e-07,603.3,Lee-c2-tsmnet-t36-s2
12,0.7493,33,Tesla V100S-PCIE-32GB,True,,True,4.76837158203125e-07,2.384185791015625e-07,1049.5,Lee-c2-tsmnet-t37-s0
13,0.7995,34,Tesla V100S-PCIE-32GB,True,,True,4.76837158203125e-07,2.384185791015625e-07,1075.3,Lee-c2-tsmnet-t37-s1
5,0.7702,30,Tesla V100S-PCIE-32GB,True,,True,2.384185791015625e-07,4.76837158203125e-07,599.5,Lee-c2-tsmnet-t37-s2
17,0.8236,38,Tesla V100-PCIE-16GB,True,,True,4.76837158203125e-07,2.384185791015625e-07,1144.7,Lee-c2-tsmnet-t38-s0
8,0.7086,30,Tesla V100-PCIE-32GB,True,,True,2.384185791015625e-07,2.384185791015625e-07,624.3,Lee-c2-tsmnet-t38-s1
6,0.7452,30,Tesla V100-PCIE-16GB,True,,True,2.384185791015625e-07,1.1920928955078125e-07,984.2,Lee-c2-tsmnet-t38-s2
24,0.8166,45,Tesla V100S-PCIE-32GB,True,,True,4.76837158203125e-07,2.384185791015625e-07,886.6,Lee-c2-tsmnet-t39-s0
17,0.7734,38,Tesla V100S-PCIE-32GB,True,,True,4.76837158203125e-07,2.384185791015625e-07,1125.3,Lee-c2-tsmnet-t39-s1
13,0.7184,34,Tesla V100S-PCIE-32GB,True,,True,4.76837158203125e-07,2.384185791015625e-07,669.7,Lee-c2-tsmnet-t39-s2
21,0.8443,42,Tesla V100S-PCIE-32GB,True,,True,4.76837158203125e-07,2.384185791015625e-07,1290.4,Lee-c2-tsmnet-t40-s0
22,0.7927,43,Tesla V100-PCIE-32GB,True,,True,4.76837158203125e-07,2.384185791015625e-07,879.0,Lee-c2-tsmnet-t40-s1
24,0.7148,45,Tesla V100S-PCIE-32GB,True,,True,4.76837158203125e-07,2.384185791015625e-07,1468.8,Lee-c2-tsmnet-t40-s2
16,0.7618,37,Tesla V100S-PCIE-32GB,True,,True,4.76837158203125e-07,1.1920928955078125e-07,1231.5,Lee-c2-tsmnet-t41-s0
12,0.7632,33,Tesla V100-PCIE-16GB,True,,True,2.384185791015625e-07,1.1920928955078125e-07,998.3,Lee-c2-tsmnet-t41-s1
8,0.7311,30,Tesla V100S-PCIE-32GB,True,,True,4.76837158203125e-07,1.1920928955078125e-07,612.3,Lee-c2-tsmnet-t41-s2
2,0.7077,30,Tesla V100S-PCIE-32GB,True,,True,2.384185791015625e-07,1.1920928955078125e-07,599.2,Lee-c2-tsmnet-t42-s0
5,0.8355,30,Tesla V100-PCIE-16GB,True,,True,2.384185791015625e-07,1.1920928955078125e-07,1084.8,Lee-c2-tsmnet-t42-s1
18,0.7364,39,Tesla V100S-PCIE-32GB,True,,True,4.76837158203125e-07,2.384185791015625e-07,754.5,Lee-c2-tsmnet-t42-s2
2,0.7666,30,Tesla V100-PCIE-32GB,True,,True,2.384185791015625e-07,1.1920928955078125e-07,735.8,Lee-c2-tsmnet-t43-s0
32,0.7902,53,Tesla V100S-PCIE-32GB,True,,True,4.76837158203125e-07,4.76837158203125e-07,1570.1,Lee-c2-tsmnet-t43-s1
5,0.7232,30,Tesla V100S-PCIE-32GB,True,,True,2.384185791015625e-07,2.384185791015625e-07,677.2,Lee-c2-tsmnet-t43-s2
9,0.768,30,Tesla V100S-PCIE-32GB,True,,True,2.384185791015625e-07,2.384185791015625e-07,669.3,Lee-c2-tsmnet-t44-s0
5,0.7159,30,Tesla V100S-PCIE-32GB,True,,True,2.384185791015625e-07,2.384185791015625e-07,928.6,Lee-c2-tsmnet-t44-s1
5,0.8025,30,Tesla V100S-PCIE-32GB,True,,True,2.384185791015625e-07,2.384185791015625e-07,588.4,Lee-c2-tsmnet-t44-s2
11,0.6814,32,Tesla V100S-PCIE-32GB,True,,True,4.76837158203125e-07,2.384185791015625e-07,1028.7,Lee-c2-tsmnet-t45-s0
25,0.7545,46,Tesla V100-PCIE-16GB,True,,True,4.76837158203125e-07,4.76837158203125e-07,1379.2,Lee-c2-tsmnet-t45-s1
48,0.7514,69,Tesla V100S-PCIE-32GB,True,,True,4.76837158203125e-07,4.76837158203125e-07,2326.6,Lee-c2-tsmnet-t45-s2
16,0.712,37,Tesla V100-PCIE-16GB,True,,True,4.76837158203125e-07,4.76837158203125e-07,1189.1,Lee-c2-tsmnet-t46-s0
17,0.7927,38,Tesla V100-PCIE-32GB,True,,True,2.384185791015625e-07,2.384185791015625e-07,780.6,Lee-c2-tsmnet-t46-s1
13,0.7636,34,Tesla V100S-PCIE-32GB,True,,True,2.384185791015625e-07,2.384185791015625e-07,679.6,Lee-c2-tsmnet-t46-s2
7,0.727,30,Tesla V100S-PCIE-32GB,True,,True,2.384185791015625e-07,2.384185791015625e-07,601.8,Lee-c2-tsmnet-t47-s0
3,0.812,30,Tesla V100S-PCIE-32GB,True,,True,2.384185791015625e-07,1.1920928955078125e-07,585.0,Lee-c2-tsmnet-t47-s1
5,0.755,30,Tesla V100S-PCIE-32GB,True,,True,2.384185791015625e-07,2.384185791015625e-07,931.6,Lee-c2-tsmnet-t47-s2
48,0.8016,69,Tesla V100-PCIE-32GB,True,,True,4.76837158203125e-07,2.384185791015625e-07,1652.8,Lee-c2-tsmnet-t48-s0
20,0.8186,41,Tesla V100S-PCIE-32GB,True,,True,4.76837158203125e-07,1.1920928955078125e-07,1276.3,Lee-c2-tsmnet-t48-s1
12,0.762,33,Tesla V100S-PCIE-32GB,True,,True,4.76837158203125e-07,1.1920928955078125e-07,997.8,Lee-c2-tsmnet-t48-s2
10,0.8005,31,Tesla V100S-PCIE-32GB,True,,True,2.384185791015625e-07,2.384185791015625e-07,761.3,Lee-c2-tsmnet-t49-s0
3,0.7498,30,Tesla V100S-PCIE-32GB,True,,True,2.384185791015625e-07,1.1920928955078125e-07,739.9,Lee-c2-tsmnet-t49-s1
4,0.7484,30,Tesla V100S-PCIE-32GB,True,,True,2.384185791015625e-07,2.384185791015625e-07,589.5,Lee-c2-tsmnet-t49-s2
19,0.747,40,Tesla V100-PCIE-16GB,True,,True,4.76837158203125e-07,2.384185791015625e-07,1217.0,Lee-c2-tsmnet-t50-s0
22,0.8177,43,Tesla V100-PCIE-16GB,True,,True,2.384185791015625e-07,1.1920928955078125e-07,1418.7,Lee-c2-tsmnet-t50-s1
13,0.7841,34,Tesla V100S-PCIE-32GB,True,,True,4.76837158203125e-07,1.1920928955078125e-07,1050.9,Lee-c2-tsmnet-t50-s2
9,0.8661,30,Tesla V100S-PCIE-32GB,True,,True,2.384185791015625e-07,2.384185791015625e-07,588.2,Lee-c2-tsmnet-t51-s0
47,0.7259,68,Tesla V100S-PCIE-32GB,True,,True,4.76837158203125e-07,2.384185791015625e-07,1619.0,Lee-c2-tsmnet-t51-s1
5,0.7575,30,Tesla V100S-PCIE-32GB,True,,True,2.384185791015625e-07,1.1920928955078125e-07,738.2,Lee-c2-tsmnet-t51-s2
35,0.7295,56,Tesla V100S-PCIE-32GB,True,,True,4.76837158203125e-07,2.384185791015625e-07,1639.4,Lee-c2-tsmnet-t52-s0
17,0.76,38,Tesla V100S-PCIE-32GB,True,,True,4.76837158203125e-07,2.384185791015625e-07,1176.8,Lee-c2-tsmnet-t52-s1
3,0.7298,30,Tesla V100S-PCIE-32GB,True,,True,2.384185791015625e-07,2.384185791015625e-07,958.3,Lee-c2-tsmnet-t52-s2
11,0.7305,32,Tesla V100S-PCIE-32GB,True,,True,2.384185791015625e-07,1.1920928955078125e-07,629.2,Lee-c2-tsmnet-t53-s0
5,0.7555,30,Tesla V100-PCIE-32GB,True,,True,2.384185791015625e-07,1.1920928955078125e-07,622.7,Lee-c2-tsmnet-t53-s1
18,0.7523,39,Tesla V100-PCIE-16GB,True,,True,4.76837158203125e-07,1.1920928955078125e-07,1183.1,Lee-c2-tsmnet-t53-s2
54,0.8195,75,Tesla V100S-PCIE-32GB,True,,True,4.76837158203125e-07,2.384185791015625e-07,1606.7,Lee-c2-tsmnet-t54-s0
20,0.757,41,Tesla V100S-PCIE-32GB,True,,True,4.76837158203125e-07,1.1920928955078125e-07,1257.7,Lee-c2-tsmnet-t54-s1
6,0.7968,30,Tesla V100-PCIE-16GB,True,,True,4.76837158203125e-07,1.341104507446289e-07,922.4,Lee-c2-tsmnet-t54-s2
