unit,dataset,label_set,backbone,target,seed,sanity_eval_bacc,best_val_bacc,best_epoch,epochs_run,seconds,gpu,git_sha,replay
Sleep-c5-chambon-t00-s0,Sleep,c5,chambon,0,0,0.7596789193686165,0.778521235409613,19,40,664.4,NVIDIA A40,a97e9d6b04ca,True
Sleep-c5-chambon-t00-s1,Sleep,c5,chambon,0,1,0.7415029791152399,0.7587395900092211,22,43,382.0,NVIDIA A40,a97e9d6b04ca,True
Sleep-c5-chambon-t00-s2,Sleep,c5,chambon,0,2,0.7501803925208741,0.7572813755520083,64,85,1079.6,NVIDIA A40,a97e9d6b04ca,True
Sleep-c5-chambon-t01-s0,Sleep,c5,chambon,1,0,0.7738217579521928,0.7313612550743815,21,42,373.0,NVIDIA A40,a97e9d6b04ca,True
Sleep-c5-chambon-t01-s1,Sleep,c5,chambon,1,1,0.768789760963674,0.7303190236517467,34,55,492.1,NVIDIA A40,a97e9d6b04ca,True
Sleep-c5-chambon-t01-s2,Sleep,c5,chambon,1,2,0.7757723978919632,0.7441331896106474,71,92,718.6,NVIDIA A40,a97e9d6b04ca,True
Sleep-c5-chambon-t02-s0,Sleep,c5,chambon,2,0,0.7716475236716029,0.7625694815409079,24,45,395.3,NVIDIA A40,a97e9d6b04ca,True
Sleep-c5-chambon-t02-s1,Sleep,c5,chambon,2,1,0.7872799341050023,0.7530690689633458,50,71,589.8,NVIDIA A40,a97e9d6b04ca,True
Sleep-c5-chambon-t02-s2,Sleep,c5,chambon,2,2,0.7376029890531647,0.7457602636375966,42,63,541.0,NVIDIA A40,a97e9d6b04ca,True
Sleep-c5-chambon-t03-s0,Sleep,c5,chambon,3,0,0.7765926131582563,0.7327114607479874,31,52,463.9,NVIDIA A40,a97e9d6b04ca,True
Sleep-c5-chambon-t03-s1,Sleep,c5,chambon,3,1,0.7747453324968255,0.750129975734599,17,38,350.4,NVIDIA A40,a97e9d6b04ca,True
Sleep-c5-chambon-t03-s2,Sleep,c5,chambon,3,2,0.7974961007221901,0.7413961528045385,35,56,466.5,NVIDIA A40,a97e9d6b04ca,True
Sleep-c5-chambon-t04-s0,Sleep,c5,chambon,4,0,0.7620239451426623,0.7425358257435457,54,75,604.6,NVIDIA A40,a97e9d6b04ca,True
Sleep-c5-chambon-t04-s1,Sleep,c5,chambon,4,1,0.7822183367740089,0.7278544934148463,60,81,650.3,NVIDIA A40,a97e9d6b04ca,True
Sleep-c5-chambon-t04-s2,Sleep,c5,chambon,4,2,0.779124224692434,0.7403481414280203,35,56,615.4,NVIDIA A40,a97e9d6b04ca,True
Sleep-c5-chambon-t05-s0,Sleep,c5,chambon,5,0,0.7414957646064165,0.7405041502158521,41,62,538.3,NVIDIA A40,a97e9d6b04ca,True
Sleep-c5-chambon-t05-s1,Sleep,c5,chambon,5,1,0.7753595390622039,0.7253233630111623,20,41,388.8,NVIDIA A40,a97e9d6b04ca,True
Sleep-c5-chambon-t05-s2,Sleep,c5,chambon,5,2,0.8037140698681998,0.7540577733282773,36,57,495.1,NVIDIA A40,a97e9d6b04ca,True
Sleep-c5-chambon-t06-s0,Sleep,c5,chambon,6,0,0.8095800124710154,0.7572160352477721,33,54,462.6,NVIDIA A40,a97e9d6b04ca,True
Sleep-c5-chambon-t06-s1,Sleep,c5,chambon,6,1,0.805533361113602,0.7273121703929969,45,66,563.9,NVIDIA A40,a97e9d6b04ca,True
Sleep-c5-chambon-t06-s2,Sleep,c5,chambon,6,2,0.8316959970382793,0.7443371011012512,71,92,730.9,NVIDIA A40,a97e9d6b04ca,True
Sleep-c5-chambon-t07-s0,Sleep,c5,chambon,7,0,0.8401699110758344,0.7694885288455099,19,40,414.2,NVIDIA A40,a97e9d6b04ca,True
Sleep-c5-chambon-t07-s1,Sleep,c5,chambon,7,1,0.8463864810554707,0.7614599424035794,24,45,410.1,NVIDIA A40,a97e9d6b04ca,True
Sleep-c5-chambon-t07-s2,Sleep,c5,chambon,7,2,0.8399384949907598,0.7692943169318195,34,55,466.4,NVIDIA A40,a97e9d6b04ca,True
Sleep-c5-chambon-t08-s0,Sleep,c5,chambon,8,0,0.733841752740376,0.7654054095842067,64,85,899.6,NVIDIA A40,a97e9d6b04ca,True
Sleep-c5-chambon-t08-s1,Sleep,c5,chambon,8,1,0.6807391107015637,0.7223355160379281,26,47,415.0,NVIDIA A40,a97e9d6b04ca,True
Sleep-c5-chambon-t08-s2,Sleep,c5,chambon,8,2,0.7387615013272084,0.7450018273377673,25,46,420.0,NVIDIA A40,a97e9d6b04ca,True
Sleep-c5-chambon-t09-s0,Sleep,c5,chambon,9,0,0.7690067683633212,0.7538541834366456,42,63,543.0,NVIDIA A40,a97e9d6b04ca,True
Sleep-c5-chambon-t09-s1,Sleep,c5,chambon,9,1,0.7691917205051574,0.7512443037476328,22,43,403.6,NVIDIA A40,a97e9d6b04ca,True
Sleep-c5-chambon-t09-s2,Sleep,c5,chambon,9,2,0.7663005066245796,0.7472870665475464,46,67,546.3,NVIDIA A40,a97e9d6b04ca,True
Sleep-c5-chambon-t10-s0,Sleep,c5,chambon,10,0,0.7960056790949057,0.7407398351012049,25,46,395.5,NVIDIA A40,a97e9d6b04ca,True
Sleep-c5-chambon-t10-s1,Sleep,c5,chambon,10,1,0.8719116587541464,0.7380729395181895,32,53,447.0,NVIDIA A40,a97e9d6b04ca,True
Sleep-c5-chambon-t10-s2,Sleep,c5,chambon,10,2,0.8428185038319478,0.7431613772190816,42,63,547.0,NVIDIA A40,a97e9d6b04ca,True
Sleep-c5-chambon-t11-s0,Sleep,c5,chambon,11,0,0.7690709163989605,0.7484294053101784,19,40,360.8,NVIDIA A40,a97e9d6b04ca,True
Sleep-c5-chambon-t11-s1,Sleep,c5,chambon,11,1,0.7955710167401204,0.7460382566498474,47,68,681.5,NVIDIA A40,a97e9d6b04ca,True
Sleep-c5-chambon-t11-s2,Sleep,c5,chambon,11,2,0.7991855494838906,0.780531395599545,16,37,369.3,NVIDIA A40,a97e9d6b04ca,True
Sleep-c5-chambon-t12-s0,Sleep,c5,chambon,12,0,0.7457585375291065,0.7497861588922415,43,64,516.7,NVIDIA A40,a97e9d6b04ca,True
Sleep-c5-chambon-t12-s1,Sleep,c5,chambon,12,1,0.7514806207186202,0.7516862385292293,24,45,387.3,NVIDIA A40,a97e9d6b04ca,True
Sleep-c5-chambon-t12-s2,Sleep,c5,chambon,12,2,0.7320611907615238,0.731390706574698,8,30,293.1,NVIDIA A40,a97e9d6b04ca,True
Sleep-c5-chambon-t14-s0,Sleep,c5,chambon,14,0,0.8041390890124944,0.7447262922779483,27,48,416.7,NVIDIA A40,a97e9d6b04ca,True
Sleep-c5-chambon-t14-s1,Sleep,c5,chambon,14,1,0.8478056819152053,0.7266457586512447,22,43,404.6,NVIDIA A40,a97e9d6b04ca,True
Sleep-c5-chambon-t14-s2,Sleep,c5,chambon,14,2,0.7805851498737871,0.7825703810005621,8,30,312.9,NVIDIA A40,a97e9d6b04ca,True
Sleep-c5-chambon-t15-s0,Sleep,c5,chambon,15,0,0.7719155543852702,0.7405627886407685,51,72,591.2,NVIDIA A40,a97e9d6b04ca,True
Sleep-c5-chambon-t15-s1,Sleep,c5,chambon,15,1,0.7795212451755947,0.7180454602698046,50,71,577.0,NVIDIA A40,a97e9d6b04ca,True
Sleep-c5-chambon-t15-s2,Sleep,c5,chambon,15,2,0.7821641478574942,0.7356576752157136,17,38,340.3,NVIDIA A40,a97e9d6b04ca,True
Sleep-c5-chambon-t16-s0,Sleep,c5,chambon,16,0,0.7767050749147495,0.7552617952529126,25,46,599.8,NVIDIA A40,a97e9d6b04ca,True
Sleep-c5-chambon-t16-s1,Sleep,c5,chambon,16,1,0.7741708410600259,0.7535138996310039,35,56,472.1,NVIDIA A40,a97e9d6b04ca,True
Sleep-c5-chambon-t16-s2,Sleep,c5,chambon,16,2,0.8041705451529154,0.7661884264308533,36,57,532.8,NVIDIA A40,a97e9d6b04ca,True
Sleep-c5-chambon-t17-s0,Sleep,c5,chambon,17,0,0.6138694999530913,0.7507882096869832,14,35,343.4,NVIDIA A40,a97e9d6b04ca,True
Sleep-c5-chambon-t17-s1,Sleep,c5,chambon,17,1,0.7417357397504457,0.7742099846569278,41,62,508.7,NVIDIA A40,a97e9d6b04ca,True
Sleep-c5-chambon-t17-s2,Sleep,c5,chambon,17,2,0.691798128342246,0.7572480651354112,47,68,554.3,NVIDIA A40,a97e9d6b04ca,True
Sleep-c5-chambon-t18-s0,Sleep,c5,chambon,18,0,0.7130280948034731,0.7360137172357922,24,45,397.6,NVIDIA A40,a97e9d6b04ca,True
Sleep-c5-chambon-t18-s1,Sleep,c5,chambon,18,1,0.7576346808547391,0.7221129437809738,21,42,393.7,NVIDIA A40,a97e9d6b04ca,True
Sleep-c5-chambon-t18-s2,Sleep,c5,chambon,18,2,0.7224472141094115,0.7734367761339213,21,42,370.6,NVIDIA A40,a97e9d6b04ca,True
Sleep-c5-chambon-t19-s0,Sleep,c5,chambon,19,0,0.7088878248445767,0.7739465018433722,42,63,719.1,NVIDIA A40,a97e9d6b04ca,True
Sleep-c5-chambon-t19-s1,Sleep,c5,chambon,19,1,0.7394539255172514,0.7683864343600171,17,38,393.5,NVIDIA A40,a97e9d6b04ca,True
Sleep-c5-chambon-t19-s2,Sleep,c5,chambon,19,2,0.7232870666974212,0.7212833877351089,12,33,308.8,NVIDIA A40,a97e9d6b04ca,True
Sleep-c5-chambon-t20-s0,Sleep,c5,chambon,20,0,0.707453779037646,0.7490306816199122,36,57,481.8,NVIDIA A40,a97e9d6b04ca,True
Sleep-c5-chambon-t20-s1,Sleep,c5,chambon,20,1,0.7382319634162672,0.7770129858141934,62,83,666.7,NVIDIA A40,a97e9d6b04ca,True
Sleep-c5-chambon-t20-s2,Sleep,c5,chambon,20,2,0.7075553335474094,0.7639779935886157,49,70,581.8,NVIDIA A40,a97e9d6b04ca,True
Sleep-c5-chambon-t21-s0,Sleep,c5,chambon,21,0,0.8296708915591091,0.7402150431107624,24,45,392.9,NVIDIA A40,a97e9d6b04ca,True
Sleep-c5-chambon-t21-s1,Sleep,c5,chambon,21,1,0.8212953033730918,0.7521748792615846,20,41,373.4,NVIDIA A40,a97e9d6b04ca,True
Sleep-c5-chambon-t21-s2,Sleep,c5,chambon,21,2,0.8379986148991746,0.7351290632552505,16,37,357.3,NVIDIA A40,a97e9d6b04ca,True
Sleep-c5-chambon-t22-s0,Sleep,c5,chambon,22,0,0.6871644937516511,0.7743623474977094,56,77,883.1,NVIDIA A40,a97e9d6b04ca,True
Sleep-c5-chambon-t22-s1,Sleep,c5,chambon,22,1,0.6884503251123892,0.7548339868099662,25,46,403.6,NVIDIA A40,a97e9d6b04ca,True
Sleep-c5-chambon-t22-s2,Sleep,c5,chambon,22,2,0.7473318418123274,0.7160449866026803,10,31,294.0,NVIDIA A40,a97e9d6b04ca,True
Sleep-c5-chambon-t23-s0,Sleep,c5,chambon,23,0,0.5462533190763491,0.7780485530733751,39,60,500.7,NVIDIA A40,a97e9d6b04ca,True
Sleep-c5-chambon-t23-s1,Sleep,c5,chambon,23,1,0.7339968455056127,0.7186859137035684,17,38,345.4,NVIDIA A40,a97e9d6b04ca,True
Sleep-c5-chambon-t23-s2,Sleep,c5,chambon,23,2,0.5339762656353317,0.7766825980568345,25,46,442.9,NVIDIA A40,a97e9d6b04ca,True
Sleep-c5-chambon-t24-s0,Sleep,c5,chambon,24,0,0.8462991625571059,0.7599648998392325,44,65,536.6,NVIDIA A40,a97e9d6b04ca,True
Sleep-c5-chambon-t24-s1,Sleep,c5,chambon,24,1,0.8092551688608918,0.7435635294245171,57,78,616.6,NVIDIA A40,a97e9d6b04ca,True
Sleep-c5-chambon-t24-s2,Sleep,c5,chambon,24,2,0.8426875863229096,0.7554751223516438,55,76,615.9,NVIDIA A40,a97e9d6b04ca,True
Sleep-c5-chambon-t25-s0,Sleep,c5,chambon,25,0,0.7165598964816298,0.7594862818508734,49,70,578.2,NVIDIA A40,a97e9d6b04ca,True
Sleep-c5-chambon-t25-s1,Sleep,c5,chambon,25,1,0.6530976559937417,0.7466295839064422,25,46,387.2,NVIDIA A40,a97e9d6b04ca,True
Sleep-c5-chambon-t25-s2,Sleep,c5,chambon,25,2,0.6704460764944947,0.7438448187649869,10,31,342.2,NVIDIA A40,a97e9d6b04ca,True
Sleep-c5-chambon-t26-s0,Sleep,c5,chambon,26,0,0.7884162733703542,0.7159396138987293,34,55,467.6,NVIDIA A40,a97e9d6b04ca,True
Sleep-c5-chambon-t26-s1,Sleep,c5,chambon,26,1,0.7977956520308787,0.753360415780619,11,32,495.5,NVIDIA A40,a97e9d6b04ca,True
Sleep-c5-chambon-t26-s2,Sleep,c5,chambon,26,2,0.7660721987825936,0.7353530410596703,39,60,501.5,NVIDIA A40,a97e9d6b04ca,True
Sleep-c5-chambon-t27-s0,Sleep,c5,chambon,27,0,0.6744980438220372,0.7431916190230963,21,42,401.6,NVIDIA A40,a97e9d6b04ca,True
Sleep-c5-chambon-t27-s1,Sleep,c5,chambon,27,1,0.6656575700159026,0.7646987162299465,31,52,430.4,NVIDIA A40,a97e9d6b04ca,True
Sleep-c5-chambon-t27-s2,Sleep,c5,chambon,27,2,0.7113104998066986,0.7684830229302546,55,76,588.8,NVIDIA A40,a97e9d6b04ca,True
Sleep-c5-chambon-t28-s0,Sleep,c5,chambon,28,0,0.7285978471857206,0.7658676948833846,19,40,363.3,NVIDIA A40,a97e9d6b04ca,True
Sleep-c5-chambon-t28-s1,Sleep,c5,chambon,28,1,0.7804201530036432,0.7147428552171257,33,54,458.2,NVIDIA A40,a97e9d6b04ca,True
Sleep-c5-chambon-t28-s2,Sleep,c5,chambon,28,2,0.7986052065045937,0.7792259386749486,39,60,666.5,NVIDIA A40,a97e9d6b04ca,True
Sleep-c5-chambon-t29-s0,Sleep,c5,chambon,29,0,0.7610524426365323,0.75156972731379,55,76,778.8,NVIDIA A40,a97e9d6b04ca,True
Sleep-c5-chambon-t29-s1,Sleep,c5,chambon,29,1,0.7366544337472157,0.7527715401915287,24,45,389.5,NVIDIA A40,a97e9d6b04ca,True
Sleep-c5-chambon-t29-s2,Sleep,c5,chambon,29,2,0.748485391787461,0.7742765856187924,36,57,475.9,NVIDIA A40,a97e9d6b04ca,True
Sleep-c5-chambon-t30-s0,Sleep,c5,chambon,30,0,0.6614157236525657,0.7312845013159777,6,30,289.3,NVIDIA A40,a97e9d6b04ca,True
Sleep-c5-chambon-t30-s1,Sleep,c5,chambon,30,1,0.6616030923267765,0.7632862976074068,15,36,336.1,NVIDIA A40,a97e9d6b04ca,True
Sleep-c5-chambon-t30-s2,Sleep,c5,chambon,30,2,0.6570325118351434,0.7571394907814549,45,66,532.4,NVIDIA A40,a97e9d6b04ca,True
Sleep-c5-chambon-t31-s0,Sleep,c5,chambon,31,0,0.7122158045389332,0.7562069426581995,99,100,742.9,NVIDIA A40,a97e9d6b04ca,True
Sleep-c5-chambon-t31-s1,Sleep,c5,chambon,31,1,0.7463203502995724,0.7458211406217113,15,36,380.9,NVIDIA A40,a97e9d6b04ca,True
Sleep-c5-chambon-t31-s2,Sleep,c5,chambon,31,2,0.6954272416189162,0.7476324279106394,38,59,496.7,NVIDIA A40,a97e9d6b04ca,True
Sleep-c5-chambon-t32-s0,Sleep,c5,chambon,32,0,0.6230531605971673,0.7625496224607234,37,58,479.7,NVIDIA A40,a97e9d6b04ca,True
Sleep-c5-chambon-t32-s1,Sleep,c5,chambon,32,1,0.8410264909654723,0.750946105704172,55,76,847.1,Tesla V100-PCIE-32GB,a97e9d6b04ca,True
Sleep-c5-chambon-t32-s2,Sleep,c5,chambon,32,2,0.647846083619781,0.7614661302720945,29,50,468.0,Tesla V100S-PCIE-32GB,a97e9d6b04ca,True
Sleep-c5-chambon-t33-s0,Sleep,c5,chambon,33,0,0.809814729885577,0.75862820581194,41,62,702.7,Tesla V100S-PCIE-32GB,a97e9d6b04ca,True
Sleep-c5-chambon-t33-s1,Sleep,c5,chambon,33,1,0.7916353355379584,0.7529770843601027,22,43,550.2,Tesla V100S-PCIE-32GB,a97e9d6b04ca,True
Sleep-c5-chambon-t33-s2,Sleep,c5,chambon,33,2,0.80814657631058,0.72528029435931,39,60,653.1,Tesla V100S-PCIE-32GB,a97e9d6b04ca,True
Sleep-c5-chambon-t34-s0,Sleep,c5,chambon,34,0,0.7008235372579693,0.7591361313795552,37,58,834.4,Tesla V100S-PCIE-32GB,a97e9d6b04ca,True
Sleep-c5-chambon-t34-s1,Sleep,c5,chambon,34,1,0.6833183725061782,0.7431496716855372,35,56,649.5,Tesla V100-PCIE-16GB,a97e9d6b04ca,True
Sleep-c5-chambon-t34-s2,Sleep,c5,chambon,34,2,0.6817558665210166,0.7578401799456704,25,46,423.9,Tesla V100S-PCIE-32GB,a97e9d6b04ca,True
Sleep-c5-chambon-t35-s0,Sleep,c5,chambon,35,0,0.6268666449682503,0.7465802402608199,25,46,474.3,Tesla V100S-PCIE-32GB,a97e9d6b04ca,True
Sleep-c5-chambon-t35-s1,Sleep,c5,chambon,35,1,0.6522707160678631,0.7700663614255149,24,45,458.0,Tesla V100S-PCIE-32GB,a97e9d6b04ca,True
Sleep-c5-chambon-t35-s2,Sleep,c5,chambon,35,2,0.6517590074609846,0.7561824823682258,47,68,694.8,Tesla V100S-PCIE-32GB,a97e9d6b04ca,True
Sleep-c5-chambon-t37-s0,Sleep,c5,chambon,37,0,0.5057833767036288,0.7143501045254538,20,41,492.6,Tesla V100-PCIE-32GB,a97e9d6b04ca,True
Sleep-c5-chambon-t37-s1,Sleep,c5,chambon,37,1,0.4762921094150533,0.7590588637211428,48,69,770.3,Tesla V100S-PCIE-32GB,a97e9d6b04ca,True
Sleep-c5-chambon-t37-s2,Sleep,c5,chambon,37,2,0.48558357919969025,0.760627846298515,68,89,967.2,Tesla V100-PCIE-16GB,a97e9d6b04ca,True
Sleep-c5-chambon-t38-s0,Sleep,c5,chambon,38,0,0.8431466757067719,0.7669295789400248,30,51,468.0,Tesla V100S-PCIE-32GB,a97e9d6b04ca,True
Sleep-c5-chambon-t38-s1,Sleep,c5,chambon,38,1,0.8513593715757178,0.7646957468633068,58,79,737.2,Tesla V100S-PCIE-32GB,a97e9d6b04ca,True
Sleep-c5-chambon-t38-s2,Sleep,c5,chambon,38,2,0.8518131574621959,0.7497272083432265,39,60,606.9,Tesla V100S-PCIE-32GB,a97e9d6b04ca,True
Sleep-c5-chambon-t40-s0,Sleep,c5,chambon,40,0,0.8027227814724374,0.7693335259530294,23,44,527.4,Tesla V100-PCIE-32GB,a97e9d6b04ca,True
Sleep-c5-chambon-t40-s1,Sleep,c5,chambon,40,1,0.7533179787141308,0.7381830067359048,55,76,756.7,Tesla V100S-PCIE-32GB,a97e9d6b04ca,True
Sleep-c5-chambon-t40-s2,Sleep,c5,chambon,40,2,0.7603989439036178,0.7447709662623431,35,56,501.7,Tesla V100S-PCIE-32GB,a97e9d6b04ca,True
Sleep-c5-chambon-t41-s0,Sleep,c5,chambon,41,0,0.7566856780869999,0.7732558917300207,25,46,533.8,Tesla V100S-PCIE-32GB,a97e9d6b04ca,True
Sleep-c5-chambon-t41-s1,Sleep,c5,chambon,41,1,0.7310522072837521,0.7338349429378211,32,53,614.6,Tesla V100-PCIE-32GB,a97e9d6b04ca,True
Sleep-c5-chambon-t41-s2,Sleep,c5,chambon,41,2,0.7280865795504546,0.7851801181121251,37,58,577.2,Tesla V100S-PCIE-32GB,a97e9d6b04ca,True
Sleep-c5-chambon-t42-s0,Sleep,c5,chambon,42,0,0.8659929591425761,0.737541679191412,41,62,609.1,Tesla V100S-PCIE-32GB,a97e9d6b04ca,True
Sleep-c5-chambon-t42-s1,Sleep,c5,chambon,42,1,0.8409412646410054,0.7729937447614861,88,100,1072.4,Tesla V100-PCIE-16GB,a97e9d6b04ca,True
Sleep-c5-chambon-t42-s2,Sleep,c5,chambon,42,2,0.8214057983095057,0.7561099206123758,85,100,861.6,Tesla V100S-PCIE-32GB,a97e9d6b04ca,True
Sleep-c5-chambon-t43-s0,Sleep,c5,chambon,43,0,0.7258219675229258,0.7305376201891279,69,90,885.2,Tesla V100S-PCIE-32GB,a97e9d6b04ca,True
Sleep-c5-chambon-t43-s1,Sleep,c5,chambon,43,1,0.7687184746932263,0.7256164653243464,41,62,691.8,Tesla V100S-PCIE-32GB,a97e9d6b04ca,True
Sleep-c5-chambon-t43-s2,Sleep,c5,chambon,43,2,0.7531462532614885,0.7336955355416824,14,35,373.9,Tesla V100S-PCIE-32GB,a97e9d6b04ca,True
Sleep-c5-chambon-t44-s0,Sleep,c5,chambon,44,0,0.7884402819554583,0.7453413512257193,65,86,940.7,Tesla V100-PCIE-32GB,a97e9d6b04ca,True
Sleep-c5-chambon-t44-s1,Sleep,c5,chambon,44,1,0.7771665831130556,0.753285640289938,52,73,701.5,Tesla V100S-PCIE-32GB,a97e9d6b04ca,True
Sleep-c5-chambon-t44-s2,Sleep,c5,chambon,44,2,0.7592816288396682,0.7589712827588666,15,36,376.8,Tesla V100S-PCIE-32GB,a97e9d6b04ca,True
Sleep-c5-chambon-t45-s0,Sleep,c5,chambon,45,0,0.8065991186440812,0.7522389158199342,14,35,330.2,Tesla V100S-PCIE-32GB,a97e9d6b04ca,True
Sleep-c5-chambon-t45-s1,Sleep,c5,chambon,45,1,0.8085905305581381,0.7349319683417714,16,37,448.6,Tesla V100S-PCIE-32GB,a97e9d6b04ca,True
Sleep-c5-chambon-t45-s2,Sleep,c5,chambon,45,2,0.812221410923059,0.7586309823806385,62,83,894.2,Tesla V100-PCIE-16GB,a97e9d6b04ca,True
Sleep-c5-chambon-t46-s0,Sleep,c5,chambon,46,0,0.8084933405849748,0.7330034045541588,50,71,726.4,Tesla V100S-PCIE-32GB,a97e9d6b04ca,True
Sleep-c5-chambon-t46-s1,Sleep,c5,chambon,46,1,0.8182687659851304,0.7570480480357078,36,57,573.1,Tesla V100S-PCIE-32GB,a97e9d6b04ca,True
Sleep-c5-chambon-t46-s2,Sleep,c5,chambon,46,2,0.818570772090889,0.7500242474942471,23,44,466.7,Tesla V100S-PCIE-32GB,a97e9d6b04ca,True
Sleep-c5-chambon-t47-s0,Sleep,c5,chambon,47,0,0.6771947899910301,0.7414103721292569,94,100,865.0,Tesla V100S-PCIE-32GB,a97e9d6b04ca,True
Sleep-c5-chambon-t47-s1,Sleep,c5,chambon,47,1,0.6789484697933545,0.7243041149846129,37,58,644.7,Tesla V100S-PCIE-32GB,a97e9d6b04ca,True
Sleep-c5-chambon-t47-s2,Sleep,c5,chambon,47,2,0.6841364036815885,0.7596651376359335,37,58,655.5,Tesla V100-PCIE-32GB,a97e9d6b04ca,True
Sleep-c5-chambon-t48-s0,Sleep,c5,chambon,48,0,0.8147732243558015,0.738542108965092,23,44,444.2,Tesla V100S-PCIE-32GB,a97e9d6b04ca,True
Sleep-c5-chambon-t48-s1,Sleep,c5,chambon,48,1,0.8360616795485216,0.7245401384343608,16,37,399.0,Tesla V100S-PCIE-32GB,a97e9d6b04ca,True
Sleep-c5-chambon-t48-s2,Sleep,c5,chambon,48,2,0.8213654766286345,0.7292032900511389,15,36,404.3,Tesla V100S-PCIE-32GB,a97e9d6b04ca,True
Sleep-c5-chambon-t49-s0,Sleep,c5,chambon,49,0,0.8054279112923934,0.728162018685391,11,32,393.9,Tesla V100-PCIE-16GB,a97e9d6b04ca,True
Sleep-c5-chambon-t49-s1,Sleep,c5,chambon,49,1,0.7830314989823035,0.7583402907442203,31,52,591.7,Tesla V100S-PCIE-32GB,a97e9d6b04ca,True
Sleep-c5-chambon-t49-s2,Sleep,c5,chambon,49,2,0.8060031944208947,0.7475940347177075,39,60,677.2,Tesla V100-PCIE-32GB,a97e9d6b04ca,True
Sleep-c5-chambon-t50-s0,Sleep,c5,chambon,50,0,0.7068031751510538,0.7338552406956853,42,63,567.5,Tesla V100S-PCIE-32GB,a97e9d6b04ca,True
Sleep-c5-chambon-t50-s1,Sleep,c5,chambon,50,1,0.6561013822258315,0.7521064655261396,16,37,389.0,Tesla V100S-PCIE-32GB,a97e9d6b04ca,True
Sleep-c5-chambon-t50-s2,Sleep,c5,chambon,50,2,0.7101883310418555,0.7611651480405015,72,93,869.2,Tesla V100S-PCIE-32GB,a97e9d6b04ca,True
Sleep-c5-chambon-t51-s0,Sleep,c5,chambon,51,0,0.7647322934883135,0.7202502800107687,12,33,379.6,Tesla V100S-PCIE-32GB,a97e9d6b04ca,True
Sleep-c5-chambon-t51-s1,Sleep,c5,chambon,51,1,0.7324121210453324,0.726001406060884,42,63,707.1,Tesla V100-PCIE-16GB,a97e9d6b04ca,True
Sleep-c5-chambon-t51-s2,Sleep,c5,chambon,51,2,0.7020187162096236,0.7484856194617888,52,73,683.0,Tesla V100S-PCIE-32GB,a97e9d6b04ca,True
Sleep-c5-chambon-t53-s0,Sleep,c5,chambon,53,0,0.8381863789131522,0.7318519323328548,49,70,729.9,Tesla V100S-PCIE-32GB,a97e9d6b04ca,True
Sleep-c5-chambon-t53-s1,Sleep,c5,chambon,53,1,0.8212073090987138,0.7540528409022802,20,41,379.4,Tesla V100S-PCIE-32GB,a97e9d6b04ca,True
Sleep-c5-chambon-t53-s2,Sleep,c5,chambon,53,2,0.8224579135632709,0.7815361264220171,34,55,619.3,Tesla V100S-PCIE-32GB,a97e9d6b04ca,True
Sleep-c5-chambon-t54-s0,Sleep,c5,chambon,54,0,0.7414358477092924,0.7322253219448334,6,30,387.0,Tesla V100-PCIE-32GB,a97e9d6b04ca,True
Sleep-c5-chambon-t54-s1,Sleep,c5,chambon,54,1,0.7793917107196584,0.7550978014046932,28,49,571.5,Tesla V100-PCIE-16GB,a97e9d6b04ca,True
Sleep-c5-chambon-t54-s2,Sleep,c5,chambon,54,2,0.8002764294398318,0.7408113120779009,43,64,568.2,Tesla V100S-PCIE-32GB,a97e9d6b04ca,True
Sleep-c5-chambon-t55-s0,Sleep,c5,chambon,55,0,0.6282429252319315,0.7757517420019766,75,96,887.5,Tesla V100S-PCIE-32GB,a97e9d6b04ca,True
Sleep-c5-chambon-t55-s1,Sleep,c5,chambon,55,1,0.6531924008840522,0.7449292918864943,51,72,811.5,Tesla V100-PCIE-32GB,a97e9d6b04ca,True
Sleep-c5-chambon-t55-s2,Sleep,c5,chambon,55,2,0.6606744176628143,0.7200115470468236,44,65,618.7,Tesla V100S-PCIE-32GB,a97e9d6b04ca,True
Sleep-c5-chambon-t56-s0,Sleep,c5,chambon,56,0,0.7677741093255496,0.7778905291681306,33,54,611.8,Tesla V100S-PCIE-32GB,a97e9d6b04ca,True
Sleep-c5-chambon-t56-s1,Sleep,c5,chambon,56,1,0.7772944074679454,0.7723061092919048,73,94,933.2,Tesla V100S-PCIE-32GB,a97e9d6b04ca,True
Sleep-c5-chambon-t56-s2,Sleep,c5,chambon,56,2,0.7518354432777749,0.7598906626227366,9,30,361.8,Tesla V100-PCIE-16GB,a97e9d6b04ca,True
Sleep-c5-chambon-t57-s0,Sleep,c5,chambon,57,0,0.3217948717948718,0.7688306447862863,50,71,623.4,Tesla V100S-PCIE-32GB,a97e9d6b04ca,True
Sleep-c5-chambon-t57-s1,Sleep,c5,chambon,57,1,0.30238680934948897,0.7731919330074424,44,65,630.1,Tesla V100S-PCIE-32GB,a97e9d6b04ca,True
Sleep-c5-chambon-t57-s2,Sleep,c5,chambon,57,2,0.3249583150159757,0.7792881009630455,26,47,547.0,Tesla V100-PCIE-32GB,a97e9d6b04ca,True
Sleep-c5-chambon-t58-s0,Sleep,c5,chambon,58,0,0.67154088263599,0.763368632299374,26,47,490.7,Tesla V100S-PCIE-32GB,a97e9d6b04ca,True
Sleep-c5-chambon-t58-s1,Sleep,c5,chambon,58,1,0.5487111672573245,0.7420452292810359,26,47,541.4,Tesla V100S-PCIE-32GB,a97e9d6b04ca,True
Sleep-c5-chambon-t58-s2,Sleep,c5,chambon,58,2,0.5722354737898033,0.7857914554467353,13,34,411.6,Tesla V100-PCIE-16GB,a97e9d6b04ca,True
Sleep-c5-chambon-t59-s0,Sleep,c5,chambon,59,0,0.6279965950333242,0.7700705779898082,17,38,353.6,Tesla V100S-PCIE-32GB,a97e9d6b04ca,True
Sleep-c5-chambon-t59-s1,Sleep,c5,chambon,59,1,0.6039425516005659,0.7598988271986797,42,63,646.3,Tesla V100S-PCIE-32GB,a97e9d6b04ca,True
Sleep-c5-chambon-t59-s2,Sleep,c5,chambon,59,2,0.6066477782633276,0.7734086257134771,32,53,602.7,Tesla V100-PCIE-16GB,a97e9d6b04ca,True
Sleep-c5-chambon-t60-s0,Sleep,c5,chambon,60,0,0.6011803132956517,0.7633863837590628,62,83,778.2,Tesla V100S-PCIE-32GB,a97e9d6b04ca,True
Sleep-c5-chambon-t60-s1,Sleep,c5,chambon,60,1,0.5999535960823288,0.746959074724435,68,89,983.6,Tesla V100-PCIE-32GB,a97e9d6b04ca,True
Sleep-c5-chambon-t60-s2,Sleep,c5,chambon,60,2,0.6205401890459327,0.7533291020219561,53,74,709.9,Tesla V100S-PCIE-32GB,a97e9d6b04ca,True
Sleep-c5-chambon-t61-s0,Sleep,c5,chambon,61,0,0.7509407335452059,0.7645189159290915,28,49,550.6,Tesla V100S-PCIE-32GB,a97e9d6b04ca,True
Sleep-c5-chambon-t61-s1,Sleep,c5,chambon,61,1,0.8085906324540529,0.7550139502882852,21,42,388.6,Tesla V100S-PCIE-32GB,a97e9d6b04ca,True
Sleep-c5-chambon-t61-s2,Sleep,c5,chambon,61,2,0.7176268313840373,0.7539916401423689,19,40,487.2,Tesla V100-PCIE-16GB,a97e9d6b04ca,True
Sleep-c5-chambon-t62-s0,Sleep,c5,chambon,62,0,0.7749424172309702,0.7586289168490904,14,35,408.2,Tesla V100S-PCIE-32GB,a97e9d6b04ca,True
Sleep-c5-chambon-t62-s1,Sleep,c5,chambon,62,1,0.7892688808660704,0.767850074031865,74,95,972.9,Tesla V100S-PCIE-32GB,a97e9d6b04ca,True
Sleep-c5-chambon-t62-s2,Sleep,c5,chambon,62,2,0.7989239433941424,0.7579849916234019,13,34,389.5,Tesla V100S-PCIE-32GB,a97e9d6b04ca,True
Sleep-c5-chambon-t63-s0,Sleep,c5,chambon,63,0,0.6991026420388123,0.7385476535595684,19,40,467.7,Tesla V100-PCIE-16GB,a97e9d6b04ca,True
Sleep-c5-chambon-t63-s1,Sleep,c5,chambon,63,1,0.6980515937962747,0.7773743889477371,47,68,750.4,Tesla V100S-PCIE-32GB,a97e9d6b04ca,True
Sleep-c5-chambon-t63-s2,Sleep,c5,chambon,63,2,0.6929163224482373,0.7888368907666414,33,54,489.6,Tesla V100S-PCIE-32GB,a97e9d6b04ca,True
Sleep-c5-chambon-t64-s0,Sleep,c5,chambon,64,0,0.7817116212279129,0.7628801282533402,12,33,384.8,Tesla V100S-PCIE-32GB,a97e9d6b04ca,True
Sleep-c5-chambon-t64-s1,Sleep,c5,chambon,64,1,0.7775677042896918,0.7711671939766533,18,39,437.5,Tesla V100S-PCIE-32GB,a97e9d6b04ca,True
Sleep-c5-chambon-t64-s2,Sleep,c5,chambon,64,2,0.7598106576200547,0.7581647793149435,63,84,839.1,Tesla V100S-PCIE-32GB,a97e9d6b04ca,True
Sleep-c5-chambon-t65-s0,Sleep,c5,chambon,65,0,0.6774416483809305,0.7531057561088246,51,72,728.1,Tesla V100S-PCIE-32GB,a97e9d6b04ca,True
Sleep-c5-chambon-t65-s1,Sleep,c5,chambon,65,1,0.6844085234114436,0.7347490485246547,45,66,738.6,Tesla V100-PCIE-16GB,a97e9d6b04ca,True
Sleep-c5-chambon-t65-s2,Sleep,c5,chambon,65,2,0.7160331074227081,0.7260165846040445,27,48,556.7,Tesla V100-PCIE-16GB,a97e9d6b04ca,True
Sleep-c5-chambon-t66-s0,Sleep,c5,chambon,66,0,0.719146479367683,0.7550378040431838,48,69,778.3,Tesla V100-PCIE-32GB,a97e9d6b04ca,True
Sleep-c5-chambon-t66-s1,Sleep,c5,chambon,66,1,0.762301997620777,0.7728465150145583,29,50,451.2,Tesla V100S-PCIE-32GB,a97e9d6b04ca,True
Sleep-c5-chambon-t66-s2,Sleep,c5,chambon,66,2,0.7314952889722787,0.7677829698634449,16,37,390.9,Tesla V100S-PCIE-32GB,a97e9d6b04ca,True
Sleep-c5-chambon-t67-s0,Sleep,c5,chambon,67,0,0.7453384581686519,0.7532885486052349,61,82,773.1,Tesla V100S-PCIE-32GB,a97e9d6b04ca,True
Sleep-c5-chambon-t67-s1,Sleep,c5,chambon,67,1,0.7966649251042648,0.7606980755139245,53,74,794.4,Tesla V100S-PCIE-32GB,a97e9d6b04ca,True
Sleep-c5-chambon-t67-s2,Sleep,c5,chambon,67,2,0.7887727684436419,0.7539830395075968,43,64,678.5,Tesla V100S-PCIE-32GB,a97e9d6b04ca,True
Sleep-c5-chambon-t70-s0,Sleep,c5,chambon,70,0,0.6551531636338538,0.7457565785797688,26,47,430.5,Tesla V100S-PCIE-32GB,a97e9d6b04ca,True
Sleep-c5-chambon-t70-s1,Sleep,c5,chambon,70,1,0.7130192203642505,0.7214648835518005,24,45,457.5,Tesla V100S-PCIE-32GB,a97e9d6b04ca,True
Sleep-c5-chambon-t70-s2,Sleep,c5,chambon,70,2,0.7044308909603123,0.7569010421041271,50,71,782.1,Tesla V100-PCIE-16GB,a97e9d6b04ca,True
Sleep-c5-chambon-t71-s0,Sleep,c5,chambon,71,0,0.7315043369679132,0.7735508140499083,98,100,957.1,Tesla V100S-PCIE-32GB,a97e9d6b04ca,True
Sleep-c5-chambon-t71-s1,Sleep,c5,chambon,71,1,0.7237519989938324,0.7625809645339527,50,71,785.7,Tesla V100-PCIE-16GB,a97e9d6b04ca,True
Sleep-c5-chambon-t71-s2,Sleep,c5,chambon,71,2,0.6946948776902642,0.7344081956765514,46,67,701.5,Tesla V100S-PCIE-32GB,a97e9d6b04ca,True
Sleep-c5-chambon-t72-s0,Sleep,c5,chambon,72,0,0.5796597927112633,0.7219094351156671,3,30,381.0,Tesla V100-PCIE-32GB,a97e9d6b04ca,True
Sleep-c5-chambon-t72-s1,Sleep,c5,chambon,72,1,0.6195878429334312,0.7405886368448187,87,100,913.4,Tesla V100S-PCIE-32GB,a97e9d6b04ca,True
Sleep-c5-chambon-t72-s2,Sleep,c5,chambon,72,2,0.6382722371692959,0.7324431111379801,25,46,418.1,Tesla V100S-PCIE-32GB,a97e9d6b04ca,True
Sleep-c5-chambon-t73-s0,Sleep,c5,chambon,73,0,0.7021276412350748,0.7242151024702685,37,58,575.2,Tesla V100S-PCIE-32GB,a97e9d6b04ca,True
Sleep-c5-chambon-t73-s1,Sleep,c5,chambon,73,1,0.7199609423361071,0.7615464212891438,57,78,804.7,Tesla V100S-PCIE-32GB,a97e9d6b04ca,True
Sleep-c5-chambon-t73-s2,Sleep,c5,chambon,73,2,0.7094100304021094,0.746959643599652,29,50,575.5,Tesla V100S-PCIE-32GB,a97e9d6b04ca,True
Sleep-c5-chambon-t74-s0,Sleep,c5,chambon,74,0,0.5411758148075283,0.7603192928354706,28,49,570.2,Tesla V100-PCIE-32GB,a97e9d6b04ca,True
Sleep-c5-chambon-t74-s1,Sleep,c5,chambon,74,1,0.5917054806872581,0.7411731202194607,44,65,724.7,Tesla V100-PCIE-16GB,a97e9d6b04ca,True
Sleep-c5-chambon-t74-s2,Sleep,c5,chambon,74,2,0.5337966424027806,0.778109838411203,31,52,555.6,Tesla V100S-PCIE-32GB,a97e9d6b04ca,True
Sleep-c5-chambon-t75-s0,Sleep,c5,chambon,75,0,0.654663279765229,0.7536804992042183,37,58,663.6,Tesla V100-PCIE-16GB,a97e9d6b04ca,True
Sleep-c5-chambon-t75-s1,Sleep,c5,chambon,75,1,0.6411739589203082,0.7556113201649926,21,42,387.1,Tesla V100S-PCIE-32GB,a97e9d6b04ca,True
Sleep-c5-chambon-t75-s2,Sleep,c5,chambon,75,2,0.639902257830299,0.7393447155260701,45,66,646.7,Tesla V100S-PCIE-32GB,a97e9d6b04ca,True
Sleep-c5-chambon-t76-s0,Sleep,c5,chambon,76,0,0.4695325901397681,0.7742492055286231,57,78,784.4,Tesla V100S-PCIE-32GB,a97e9d6b04ca,True
Sleep-c5-chambon-t76-s1,Sleep,c5,chambon,76,1,0.5066348439735128,0.7319554328737047,35,56,625.5,Tesla V100S-PCIE-32GB,a97e9d6b04ca,True
Sleep-c5-chambon-t76-s2,Sleep,c5,chambon,76,2,0.43081805951949964,0.7558608415724897,38,59,679.3,Tesla V100-PCIE-32GB,a97e9d6b04ca,True
Sleep-c5-chambon-t77-s0,Sleep,c5,chambon,77,0,0.6709014306927192,0.7498072064555691,31,52,537.1,Tesla V100S-PCIE-32GB,a97e9d6b04ca,True
Sleep-c5-chambon-t77-s1,Sleep,c5,chambon,77,1,0.731891640173641,0.7383886959045676,40,61,543.0,Tesla V100S-PCIE-32GB,a97e9d6b04ca,True
Sleep-c5-chambon-t77-s2,Sleep,c5,chambon,77,2,0.6880449579600855,0.7564346432362242,20,41,466.3,Tesla V100S-PCIE-32GB,a97e9d6b04ca,True
Sleep-c5-chambon-t80-s0,Sleep,c5,chambon,80,0,0.7135587606797805,0.7547345735350369,48,69,717.2,Tesla V100S-PCIE-32GB,a97e9d6b04ca,True
Sleep-c5-chambon-t80-s1,Sleep,c5,chambon,80,1,0.6895003693479428,0.7255859492304342,21,42,482.7,Tesla V100-PCIE-16GB,a97e9d6b04ca,True
Sleep-c5-chambon-t80-s2,Sleep,c5,chambon,80,2,0.7242511980409129,0.7828220924763872,19,40,476.7,Tesla V100-PCIE-16GB,a97e9d6b04ca,True
Sleep-c5-chambon-t81-s0,Sleep,c5,chambon,81,0,0.7587819981597416,0.7601218149439035,33,54,546.0,Tesla V100S-PCIE-32GB,a97e9d6b04ca,True
Sleep-c5-chambon-t81-s1,Sleep,c5,chambon,81,1,0.7609556547947467,0.7456913516842667,81,100,964.7,Tesla V100S-PCIE-32GB,a97e9d6b04ca,True
Sleep-c5-chambon-t81-s2,Sleep,c5,chambon,81,2,0.7710850464343287,0.7381067265696476,47,68,738.3,Tesla V100S-PCIE-32GB,a97e9d6b04ca,True
Sleep-c5-chambon-t82-s0,Sleep,c5,chambon,82,0,0.6698027503223034,0.7616451063536255,45,66,640.9,Tesla V100S-PCIE-32GB,a97e9d6b04ca,True
Sleep-c5-chambon-t82-s1,Sleep,c5,chambon,82,1,0.7206624647853699,0.7625143265867441,26,47,514.2,Tesla V100S-PCIE-32GB,a97e9d6b04ca,True
Sleep-c5-chambon-t82-s2,Sleep,c5,chambon,82,2,0.687418134937688,0.7500910461984642,17,38,463.2,Tesla V100-PCIE-32GB,a97e9d6b04ca,True
B14-c2-eegnet-t01-s0,B14,c2,eegnet,1,0,0.6180555555555556,0.6440972222222222,11,32,16.4,Tesla V100S-PCIE-32GB,a97e9d6b04ca,True
B14-c2-eegnet-t01-s1,B14,c2,eegnet,1,1,0.7916666666666667,0.5972222222222222,12,33,16.8,Tesla V100S-PCIE-32GB,a97e9d6b04ca,True
B14-c2-eegnet-t01-s2,B14,c2,eegnet,1,2,0.7777777777777777,0.7204861111111112,28,49,20.8,Tesla V100S-PCIE-32GB,a97e9d6b04ca,True
B14-c2-eegnet-t02-s0,B14,c2,eegnet,2,0,0.6111111111111112,0.8229166666666666,19,40,18.4,Tesla V100S-PCIE-32GB,a97e9d6b04ca,True
B14-c2-eegnet-t02-s1,B14,c2,eegnet,2,1,0.6944444444444444,0.6388888888888888,30,51,28.0,Tesla V100-PCIE-16GB,a97e9d6b04ca,True
B14-c2-eegnet-t02-s2,B14,c2,eegnet,2,2,0.5208333333333334,0.7552083333333334,9,30,21.3,Tesla V100-PCIE-16GB,a97e9d6b04ca,True
B14-c2-eegnet-t03-s0,B14,c2,eegnet,3,0,0.8680555555555556,0.6996527777777778,19,40,24.1,Tesla V100S-PCIE-32GB,a97e9d6b04ca,True
B14-c2-eegnet-t03-s1,B14,c2,eegnet,3,1,0.9375,0.6736111111111112,35,56,22.5,Tesla V100S-PCIE-32GB,a97e9d6b04ca,True
B14-c2-eegnet-t03-s2,B14,c2,eegnet,3,2,0.6944444444444444,0.7673611111111112,70,91,40.6,Tesla V100-PCIE-16GB,a97e9d6b04ca,True
B14-c2-eegnet-t04-s0,B14,c2,eegnet,4,0,0.5763888888888888,0.6840277777777777,34,55,29.1,Tesla V100-PCIE-16GB,a97e9d6b04ca,True
B14-c2-eegnet-t04-s1,B14,c2,eegnet,4,1,0.5416666666666666,0.6388888888888888,47,68,31.9,Tesla V100S-PCIE-32GB,a97e9d6b04ca,True
B14-c2-eegnet-t04-s2,B14,c2,eegnet,4,2,0.5972222222222222,0.6336805555555556,24,45,19.6,Tesla V100S-PCIE-32GB,a97e9d6b04ca,True
B14-c2-eegnet-t05-s0,B14,c2,eegnet,5,0,0.5208333333333334,0.6649305555555556,28,49,20.7,Tesla V100S-PCIE-32GB,a97e9d6b04ca,True
B14-c2-eegnet-t05-s1,B14,c2,eegnet,5,1,0.5208333333333334,0.6180555555555556,12,33,22.1,Tesla V100-PCIE-16GB,a97e9d6b04ca,True
B14-c2-eegnet-t05-s2,B14,c2,eegnet,5,2,0.5486111111111112,0.7378472222222223,37,58,30.6,Tesla V100-PCIE-16GB,a97e9d6b04ca,True
B14-c2-eegnet-t06-s0,B14,c2,eegnet,6,0,0.6319444444444444,0.6961805555555556,13,34,22.4,Tesla V100S-PCIE-32GB,a97e9d6b04ca,True
B14-c2-eegnet-t06-s1,B14,c2,eegnet,6,1,0.6319444444444444,0.6024305555555556,80,100,34.0,Tesla V100S-PCIE-32GB,a97e9d6b04ca,True
B14-c2-eegnet-t06-s2,B14,c2,eegnet,6,2,0.6736111111111112,0.640625,20,41,18.4,Tesla V100S-PCIE-32GB,a97e9d6b04ca,True
B14-c2-eegnet-t07-s0,B14,c2,eegnet,7,0,0.4861111111111111,0.7465277777777778,14,35,22.7,Tesla V100-PCIE-16GB,a97e9d6b04ca,True
B14-c2-eegnet-t07-s1,B14,c2,eegnet,7,1,0.5694444444444444,0.8125,15,36,23.3,Tesla V100-PCIE-16GB,a97e9d6b04ca,True
B14-c2-eegnet-t07-s2,B14,c2,eegnet,7,2,0.5347222222222222,0.6545138888888888,25,46,25.7,Tesla V100S-PCIE-32GB,a97e9d6b04ca,True
B14-c2-eegnet-t08-s0,B14,c2,eegnet,8,0,0.9236111111111112,0.7395833333333333,53,74,27.4,Tesla V100S-PCIE-32GB,a97e9d6b04ca,True
B14-c2-eegnet-t08-s1,B14,c2,eegnet,8,1,0.8125,0.6666666666666666,41,62,24.2,Tesla V100S-PCIE-32GB,a97e9d6b04ca,True
B14-c2-eegnet-t08-s2,B14,c2,eegnet,8,2,0.9375,0.6597222222222223,53,74,35.4,Tesla V100-PCIE-16GB,a97e9d6b04ca,True
B14-c2-eegnet-t09-s0,B14,c2,eegnet,9,0,0.6805555555555556,0.59375,9,30,21.0,Tesla V100-PCIE-16GB,a97e9d6b04ca,True
B14-c2-eegnet-t09-s1,B14,c2,eegnet,9,1,0.6319444444444444,0.6423611111111112,44,65,31.3,Tesla V100S-PCIE-32GB,a97e9d6b04ca,True
B14-c2-eegnet-t09-s2,B14,c2,eegnet,9,2,0.6527777777777778,0.5850694444444444,49,70,33.0,Tesla V100S-PCIE-32GB,a97e9d6b04ca,True
B14-c2-tsmnet-t01-s0,B14,c2,tsmnet,1,0,0.8888888888888888,0.6822916666666666,3,30,67.4,Tesla V100-PCIE-32GB,a97e9d6b04ca,True
B14-c2-tsmnet-t01-s1,B14,c2,tsmnet,1,1,0.875,0.6979166666666667,10,31,64.2,Tesla V100S-PCIE-32GB,a97e9d6b04ca,True
B14-c2-tsmnet-t01-s2,B14,c2,tsmnet,1,2,0.8958333333333334,0.7586805555555556,3,30,64.0,Tesla V100S-PCIE-32GB,a97e9d6b04ca,True
B14-c2-tsmnet-t02-s0,B14,c2,tsmnet,2,0,0.5138888888888888,0.9131944444444444,15,36,116.5,Tesla V100-PCIE-16GB,a97e9d6b04ca,True
B14-c2-tsmnet-t02-s1,B14,c2,tsmnet,2,1,0.5,0.6770833333333333,4,30,102.2,Tesla V100-PCIE-16GB,a97e9d6b04ca,True
B14-c2-tsmnet-t02-s2,B14,c2,tsmnet,2,2,0.5277777777777778,0.8107638888888888,18,39,126.6,Tesla V100S-PCIE-32GB,a97e9d6b04ca,True
B14-c2-tsmnet-t03-s0,B14,c2,tsmnet,3,0,0.9583333333333334,0.6510416666666667,21,42,131.3,Tesla V100S-PCIE-32GB,a97e9d6b04ca,True
B14-c2-tsmnet-t03-s1,B14,c2,tsmnet,3,1,0.8541666666666667,0.7447916666666667,21,42,85.9,Tesla V100S-PCIE-32GB,a97e9d6b04ca,True
B14-c2-tsmnet-t03-s2,B14,c2,tsmnet,3,2,0.9305555555555556,0.8020833333333334,14,35,113.8,Tesla V100-PCIE-16GB,a97e9d6b04ca,True
B14-c2-tsmnet-t04-s0,B14,c2,tsmnet,4,0,0.7291666666666666,0.6753472222222222,18,39,145.4,Tesla V100-PCIE-16GB,a97e9d6b04ca,True
B14-c2-tsmnet-t04-s1,B14,c2,tsmnet,4,1,0.7013888888888888,0.6944444444444444,25,46,98.8,Tesla V100-PCIE-32GB,a97e9d6b04ca,True
B14-c2-tsmnet-t04-s2,B14,c2,tsmnet,4,2,0.6805555555555556,0.734375,29,50,99.5,Tesla V100S-PCIE-32GB,a97e9d6b04ca,True
B14-c2-tsmnet-t05-s0,B14,c2,tsmnet,5,0,0.6875,0.7256944444444444,21,42,84.8,Tesla V100S-PCIE-32GB,a97e9d6b04ca,True
B14-c2-tsmnet-t05-s1,B14,c2,tsmnet,5,1,0.6944444444444444,0.7361111111111112,20,41,134.3,Tesla V100S-PCIE-32GB,a97e9d6b04ca,True
B14-c2-tsmnet-t05-s2,B14,c2,tsmnet,5,2,0.6597222222222222,0.8263888888888888,19,40,81.0,Tesla V100S-PCIE-32GB,a97e9d6b04ca,True
B14-c2-tsmnet-t06-s0,B14,c2,tsmnet,6,0,0.7013888888888888,0.703125,4,30,100.1,Tesla V100S-PCIE-32GB,a97e9d6b04ca,True
B14-c2-tsmnet-t06-s1,B14,c2,tsmnet,6,1,0.7083333333333334,0.6336805555555556,9,30,97.9,Tesla V100S-PCIE-32GB,a97e9d6b04ca,True
B14-c2-tsmnet-t06-s2,B14,c2,tsmnet,6,2,0.6736111111111112,0.6788194444444444,6,30,98.1,Tesla V100-PCIE-16GB,a97e9d6b04ca,True
B14-c2-tsmnet-t07-s0,B14,c2,tsmnet,7,0,0.6805555555555556,0.8072916666666667,35,56,137.1,Tesla V100-PCIE-32GB,a97e9d6b04ca,True
B14-c2-tsmnet-t07-s1,B14,c2,tsmnet,7,1,0.6736111111111112,0.8177083333333333,17,38,77.3,Tesla V100S-PCIE-32GB,a97e9d6b04ca,True
B14-c2-tsmnet-t07-s2,B14,c2,tsmnet,7,2,0.6319444444444444,0.7204861111111112,8,30,62.3,Tesla V100S-PCIE-32GB,a97e9d6b04ca,True
B14-c2-tsmnet-t08-s0,B14,c2,tsmnet,8,0,0.9305555555555556,0.8298611111111112,14,35,71.6,Tesla V100S-PCIE-32GB,a97e9d6b04ca,True
B14-c2-tsmnet-t08-s1,B14,c2,tsmnet,8,1,0.8541666666666667,0.7291666666666667,42,63,193.2,Tesla V100-PCIE-16GB,a97e9d6b04ca,True
B14-c2-tsmnet-t08-s2,B14,c2,tsmnet,8,2,0.9236111111111112,0.6545138888888888,8,30,99.9,Tesla V100S-PCIE-32GB,a97e9d6b04ca,True
B14-c2-tsmnet-t09-s0,B14,c2,tsmnet,9,0,0.5347222222222222,0.6354166666666666,24,45,141.6,Tesla V100S-PCIE-32GB,a97e9d6b04ca,True
B14-c2-tsmnet-t09-s1,B14,c2,tsmnet,9,1,0.6666666666666667,0.6579861111111112,39,60,184.2,Tesla V100S-PCIE-32GB,a97e9d6b04ca,True
B14-c2-tsmnet-t09-s2,B14,c2,tsmnet,9,2,0.6111111111111112,0.6527777777777778,25,46,151.7,Tesla V100S-PCIE-32GB,a97e9d6b04ca,True
B14-c4-eegnet-t01-s0,B14,c4,eegnet,1,0,0.5416666666666666,0.40885416666666663,42,63,53.3,Tesla V100-PCIE-16GB,a97e9d6b04ca,True
B14-c4-eegnet-t01-s1,B14,c4,eegnet,1,1,0.6388888888888888,0.3472222222222222,10,31,24.2,Tesla V100S-PCIE-32GB,a97e9d6b04ca,True
B14-c4-eegnet-t01-s2,B14,c4,eegnet,1,2,0.6562500000000001,0.5069444444444444,31,52,34.5,Tesla V100S-PCIE-32GB,a97e9d6b04ca,True
B14-c4-eegnet-t02-s0,B14,c4,eegnet,2,0,0.32638888888888884,0.6050347222222223,22,43,37.9,Tesla V100-PCIE-32GB,a97e9d6b04ca,True
B14-c4-eegnet-t02-s1,B14,c4,eegnet,2,1,0.2604166666666667,0.3298611111111111,7,30,23.3,Tesla V100S-PCIE-32GB,a97e9d6b04ca,True
B14-c4-eegnet-t02-s2,B14,c4,eegnet,2,2,0.3125,0.47395833333333337,23,44,31.6,Tesla V100S-PCIE-32GB,a97e9d6b04ca,True
B14-c4-eegnet-t03-s0,B14,c4,eegnet,3,0,0.6388888888888888,0.4027777777777778,19,40,28.7,Tesla V100S-PCIE-32GB,a97e9d6b04ca,True
B14-c4-eegnet-t03-s1,B14,c4,eegnet,3,1,0.4513888888888889,0.4331597222222222,12,33,33.1,Tesla V100-PCIE-16GB,a97e9d6b04ca,True
B14-c4-eegnet-t03-s2,B14,c4,eegnet,3,2,0.6354166666666666,0.5182291666666666,21,42,36.8,Tesla V100S-PCIE-32GB,a97e9d6b04ca,True
B14-c4-eegnet-t04-s0,B14,c4,eegnet,4,0,0.41666666666666663,0.44097222222222227,54,75,59.5,Tesla V100-PCIE-32GB,a97e9d6b04ca,True
B14-c4-eegnet-t04-s1,B14,c4,eegnet,4,1,0.28125,0.3428819444444445,5,30,23.6,Tesla V100S-PCIE-32GB,a97e9d6b04ca,True
B14-c4-eegnet-t04-s2,B14,c4,eegnet,4,2,0.3645833333333333,0.34895833333333337,22,43,30.3,Tesla V100S-PCIE-32GB,a97e9d6b04ca,True
B14-c4-eegnet-t05-s0,B14,c4,eegnet,5,0,0.25,0.3628472222222222,7,30,23.6,Tesla V100S-PCIE-32GB,a97e9d6b04ca,True
B14-c4-eegnet-t05-s1,B14,c4,eegnet,5,1,0.2881944444444444,0.3689236111111111,43,64,53.2,Tesla V100-PCIE-16GB,a97e9d6b04ca,True
B14-c4-eegnet-t05-s2,B14,c4,eegnet,5,2,0.2569444444444444,0.5286458333333334,32,53,46.5,Tesla V100-PCIE-16GB,a97e9d6b04ca,True
B14-c4-eegnet-t06-s0,B14,c4,eegnet,6,0,0.3368055555555556,0.4774305555555555,42,63,50.9,Tesla V100S-PCIE-32GB,a97e9d6b04ca,True
B14-c4-eegnet-t06-s1,B14,c4,eegnet,6,1,0.2777777777777778,0.3342013888888889,15,36,27.3,Tesla V100S-PCIE-32GB,a97e9d6b04ca,True
B14-c4-eegnet-t06-s2,B14,c4,eegnet,6,2,0.2777777777777778,0.46614583333333337,46,67,43.0,Tesla V100S-PCIE-32GB,a97e9d6b04ca,True
B14-c4-eegnet-t07-s0,B14,c4,eegnet,7,0,0.32291666666666663,0.48177083333333337,31,52,34.9,Tesla V100S-PCIE-32GB,a97e9d6b04ca,True
B14-c4-eegnet-t07-s1,B14,c4,eegnet,7,1,0.26041666666666663,0.5321180555555556,44,65,52.2,Tesla V100S-PCIE-32GB,a97e9d6b04ca,True
B14-c4-eegnet-t07-s2,B14,c4,eegnet,7,2,0.3888888888888889,0.4435763888888889,42,63,53.1,Tesla V100S-PCIE-32GB,a97e9d6b04ca,True
B14-c4-eegnet-t08-s0,B14,c4,eegnet,8,0,0.638888888888889,0.5121527777777778,44,65,53.9,Tesla V100-PCIE-16GB,a97e9d6b04ca,True
B14-c4-eegnet-t08-s1,B14,c4,eegnet,8,1,0.59375,0.45572916666666674,39,60,51.4,Tesla V100-PCIE-16GB,a97e9d6b04ca,True
B14-c4-eegnet-t08-s2,B14,c4,eegnet,8,2,0.6180555555555556,0.3506944444444444,35,56,46.5,Tesla V100S-PCIE-32GB,a97e9d6b04ca,True
B14-c4-eegnet-t09-s0,B14,c4,eegnet,9,0,0.4027777777777778,0.296875,11,32,31.5,Tesla V100-PCIE-32GB,a97e9d6b04ca,True
B14-c4-eegnet-t09-s1,B14,c4,eegnet,9,1,0.5520833333333334,0.3090277777777778,19,40,28.3,Tesla V100S-PCIE-32GB,a97e9d6b04ca,True
B14-c4-eegnet-t09-s2,B14,c4,eegnet,9,2,0.5694444444444444,0.30989583333333337,33,54,36.3,Tesla V100S-PCIE-32GB,a97e9d6b04ca,True
B14-c4-tsmnet-t01-s0,B14,c4,tsmnet,1,0,0.7777777777777778,0.4965277777777778,15,36,143.4,Tesla V100S-PCIE-32GB,a97e9d6b04ca,True
B14-c4-tsmnet-t01-s1,B14,c4,tsmnet,1,1,0.7013888888888888,0.4296875,3,30,185.9,Tesla V100S-PCIE-32GB,a97e9d6b04ca,True
B14-c4-tsmnet-t01-s2,B14,c4,tsmnet,1,2,0.75,0.5355902777777777,3,30,210.2,Tesla V100S-PCIE-32GB,a97e9d6b04ca,True
B14-c4-tsmnet-t02-s0,B14,c4,tsmnet,2,0,0.28125,0.7256944444444443,25,46,281.8,Tesla V100-PCIE-16GB,a97e9d6b04ca,True
B14-c4-tsmnet-t02-s1,B14,c4,tsmnet,2,1,0.23611111111111113,0.3940972222222222,36,57,356.1,Tesla V100-PCIE-16GB,a97e9d6b04ca,True
B14-c4-tsmnet-t02-s2,B14,c4,tsmnet,2,2,0.2881944444444444,0.5651041666666667,13,34,214.5,Tesla V100S-PCIE-32GB,a97e9d6b04ca,True
B14-c4-tsmnet-t03-s0,B14,c4,tsmnet,3,0,0.8055555555555556,0.4800347222222222,27,48,293.3,Tesla V100S-PCIE-32GB,a97e9d6b04ca,True
B14-c4-tsmnet-t03-s1,B14,c4,tsmnet,3,1,0.7569444444444444,0.5373263888888888,9,30,146.7,Tesla V100-PCIE-32GB,a97e9d6b04ca,True
B14-c4-tsmnet-t03-s2,B14,c4,tsmnet,3,2,0.8125,0.578125,11,32,128.6,Tesla V100S-PCIE-32GB,a97e9d6b04ca,True
B14-c4-tsmnet-t04-s0,B14,c4,tsmnet,4,0,0.5069444444444444,0.49826388888888895,9,30,120.8,Tesla V100S-PCIE-32GB,a97e9d6b04ca,True
B14-c4-tsmnet-t04-s1,B14,c4,tsmnet,4,1,0.44791666666666663,0.3967013888888889,18,39,238.6,Tesla V100S-PCIE-32GB,a97e9d6b04ca,True
B14-c4-tsmnet-t04-s2,B14,c4,tsmnet,4,2,0.4305555555555556,0.4852430555555556,9,30,190.4,Tesla V100S-PCIE-32GB,a97e9d6b04ca,True
B14-c4-tsmnet-t05-s0,B14,c4,tsmnet,5,0,0.3784722222222222,0.4565972222222222,23,44,190.5,Tesla V100-PCIE-32GB,a97e9d6b04ca,True
B14-c4-tsmnet-t05-s1,B14,c4,tsmnet,5,1,0.40277777777777773,0.4956597222222222,13,34,134.6,Tesla V100S-PCIE-32GB,a97e9d6b04ca,True
B14-c4-tsmnet-t05-s2,B14,c4,tsmnet,5,2,0.42361111111111116,0.6267361111111112,10,31,124.7,Tesla V100S-PCIE-32GB,a97e9d6b04ca,True
B14-c4-tsmnet-t06-s0,B14,c4,tsmnet,6,0,0.41666666666666663,0.5607638888888888,14,35,138.7,Tesla V100S-PCIE-32GB,a97e9d6b04ca,True
B14-c4-tsmnet-t06-s1,B14,c4,tsmnet,6,1,0.4375,0.5164930555555556,18,39,244.7,Tesla V100S-PCIE-32GB,a97e9d6b04ca,True
B14-c4-tsmnet-t06-s2,B14,c4,tsmnet,6,2,0.42013888888888895,0.45833333333333337,60,81,485.4,Tesla V100-PCIE-16GB,a97e9d6b04ca,True
B14-c4-tsmnet-t07-s0,B14,c4,tsmnet,7,0,0.4097222222222222,0.6137152777777778,28,49,294.8,Tesla V100S-PCIE-32GB,a97e9d6b04ca,True
B14-c4-tsmnet-t07-s1,B14,c4,tsmnet,7,1,0.42361111111111116,0.5876736111111112,16,37,233.5,Tesla V100-PCIE-16GB,a97e9d6b04ca,True
B14-c4-tsmnet-t07-s2,B14,c4,tsmnet,7,2,0.4618055555555556,0.5529513888888888,11,32,198.8,Tesla V100S-PCIE-32GB,a97e9d6b04ca,True
B14-c4-tsmnet-t08-s0,B14,c4,tsmnet,8,0,0.6805555555555556,0.5920138888888888,18,39,247.9,Tesla V100S-PCIE-32GB,a97e9d6b04ca,True
B14-c4-tsmnet-t08-s1,B14,c4,tsmnet,8,1,0.7083333333333333,0.546875,11,32,158.2,Tesla V100-PCIE-32GB,a97e9d6b04ca,True
B14-c4-tsmnet-t08-s2,B14,c4,tsmnet,8,2,0.59375,0.3532986111111111,0,30,120.4,Tesla V100S-PCIE-32GB,a97e9d6b04ca,True
B14-c4-tsmnet-t09-s0,B14,c4,tsmnet,9,0,0.6145833333333333,0.3359375,9,30,122.2,Tesla V100S-PCIE-32GB,a97e9d6b04ca,True
B14-c4-tsmnet-t09-s1,B14,c4,tsmnet,9,1,0.6111111111111112,0.3454861111111111,23,44,176.2,Tesla V100S-PCIE-32GB,a97e9d6b04ca,True
B14-c4-tsmnet-t09-s2,B14,c4,tsmnet,9,2,0.6006944444444444,0.41927083333333337,17,38,238.8,Tesla V100S-PCIE-32GB,a97e9d6b04ca,True
Lee-c2-eegnet-t01-s0,Lee,c2,eegnet,1,0,0.8200000000000001,0.6581818181818182,27,48,162.5,Tesla V100-PCIE-32GB,a97e9d6b04ca,True
Lee-c2-eegnet-t01-s1,Lee,c2,eegnet,1,1,0.84,0.7068181818181818,34,55,142.3,Tesla V100S-PCIE-32GB,a97e9d6b04ca,True
Lee-c2-eegnet-t01-s2,Lee,c2,eegnet,1,2,0.825,0.6554545454545455,14,35,110.3,Tesla V100S-PCIE-32GB,a97e9d6b04ca,True
Lee-c2-eegnet-t02-s0,Lee,c2,eegnet,2,0,0.745,0.7445454545454545,53,74,242.4,Tesla V100-PCIE-16GB,a97e9d6b04ca,True
Lee-c2-eegnet-t02-s1,Lee,c2,eegnet,2,1,0.625,0.7706818181818182,7,30,107.7,Tesla V100S-PCIE-32GB,a97e9d6b04ca,True
Lee-c2-eegnet-t02-s2,Lee,c2,eegnet,2,2,0.71,0.7725,61,82,268.4,Tesla V100S-PCIE-32GB,a97e9d6b04ca,True
Lee-c2-eegnet-t03-s0,Lee,c2,eegnet,3,0,0.96,0.6915909090909091,80,100,264.9,Tesla V100S-PCIE-32GB,a97e9d6b04ca,True
Lee-c2-eegnet-t03-s1,Lee,c2,eegnet,3,1,0.9550000000000001,0.7547727272727273,99,100,314.5,Tesla V100S-PCIE-32GB,a97e9d6b04ca,True
Lee-c2-eegnet-t03-s2,Lee,c2,eegnet,3,2,0.9550000000000001,0.6925,18,39,118.5,Tesla V100S-PCIE-32GB,a97e9d6b04ca,True
Lee-c2-eegnet-t04-s0,Lee,c2,eegnet,4,0,0.5800000000000001,0.745,61,82,253.4,Tesla V100S-PCIE-32GB,a97e9d6b04ca,True
Lee-c2-eegnet-t04-s1,Lee,c2,eegnet,4,1,0.545,0.7056818181818182,21,42,133.1,Tesla V100S-PCIE-32GB,a97e9d6b04ca,True
Lee-c2-eegnet-t04-s2,Lee,c2,eegnet,4,2,0.515,0.769090909090909,54,75,243.6,Tesla V100-PCIE-16GB,a97e9d6b04ca,True
Lee-c2-eegnet-t05-s0,Lee,c2,eegnet,5,0,0.905,0.7747727272727273,30,51,170.7,Tesla V100-PCIE-32GB,a97e9d6b04ca,True
Lee-c2-eegnet-t05-s1,Lee,c2,eegnet,5,1,0.95,0.7756818181818181,65,86,212.8,Tesla V100S-PCIE-32GB,a97e9d6b04ca,True
Lee-c2-eegnet-t05-s2,Lee,c2,eegnet,5,2,0.935,0.7179545454545455,38,59,199.6,Tesla V100-PCIE-16GB,a97e9d6b04ca,True
Lee-c2-eegnet-t06-s0,Lee,c2,eegnet,6,0,0.885,0.7434090909090909,11,32,101.2,Tesla V100S-PCIE-32GB,a97e9d6b04ca,True
Lee-c2-eegnet-t06-s1,Lee,c2,eegnet,6,1,0.895,0.7354545454545454,35,56,177.2,Tesla V100S-PCIE-32GB,a97e9d6b04ca,True
Lee-c2-eegnet-t06-s2,Lee,c2,eegnet,6,2,0.8899999999999999,0.7543181818181819,17,38,141.0,Tesla V100S-PCIE-32GB,a97e9d6b04ca,True
Lee-c2-eegnet-t07-s0,Lee,c2,eegnet,7,0,0.7,0.7534090909090909,35,56,185.6,Tesla V100-PCIE-32GB,a97e9d6b04ca,True
Lee-c2-eegnet-t07-s1,Lee,c2,eegnet,7,1,0.72,0.7686363636363637,13,34,110.2,Tesla V100S-PCIE-32GB,a97e9d6b04ca,True
Lee-c2-eegnet-t07-s2,Lee,c2,eegnet,7,2,0.69,0.7545454545454546,34,55,158.5,Tesla V100S-PCIE-32GB,a97e9d6b04ca,True
Lee-c2-eegnet-t08-s0,Lee,c2,eegnet,8,0,0.8200000000000001,0.71,14,35,122.4,Tesla V100S-PCIE-32GB,a97e9d6b04ca,True
Lee-c2-eegnet-t08-s1,Lee,c2,eegnet,8,1,0.845,0.7681818181818182,91,100,308.1,Tesla V100S-PCIE-32GB,a97e9d6b04ca,True
Lee-c2-eegnet-t08-s2,Lee,c2,eegnet,8,2,0.78,0.7281818181818182,15,36,124.2,Tesla V100-PCIE-16GB,a97e9d6b04ca,True
Lee-c2-eegnet-t09-s0,Lee,c2,eegnet,9,0,0.8200000000000001,0.6768181818181818,43,64,161.5,Tesla V100S-PCIE-32GB,a97e9d6b04ca,True
Lee-c2-eegnet-t09-s1,Lee,c2,eegnet,9,1,0.815,0.6868181818181818,20,41,124.6,Tesla V100S-PCIE-32GB,a97e9d6b04ca,True
Lee-c2-eegnet-t09-s2,Lee,c2,eegnet,9,2,0.8049999999999999,0.6979545454545455,15,36,128.4,Tesla V100-PCIE-16GB,a97e9d6b04ca,True
Lee-c2-eegnet-t10-s0,Lee,c2,eegnet,10,0,0.5900000000000001,0.6970454545454545,36,57,188.3,Tesla V100-PCIE-32GB,a97e9d6b04ca,True
Lee-c2-eegnet-t10-s1,Lee,c2,eegnet,10,1,0.565,0.785,37,58,162.5,Tesla V100S-PCIE-32GB,a97e9d6b04ca,True
Lee-c2-eegnet-t10-s2,Lee,c2,eegnet,10,2,0.535,0.7043181818181818,21,42,127.7,Tesla V100S-PCIE-32GB,a97e9d6b04ca,True
Lee-c2-eegnet-t11-s0,Lee,c2,eegnet,11,0,0.545,0.6950000000000001,9,30,118.7,Tesla V100S-PCIE-32GB,a97e9d6b04ca,True
Lee-c2-eegnet-t11-s1,Lee,c2,eegnet,11,1,0.575,0.7027272727272726,5,30,112.1,Tesla V100-PCIE-16GB,a97e9d6b04ca,True
Lee-c2-eegnet-t11-s2,Lee,c2,eegnet,11,2,0.575,0.7025,20,41,108.5,Tesla V100S-PCIE-32GB,a97e9d6b04ca,True
Lee-c2-eegnet-t12-s0,Lee,c2,eegnet,12,0,0.615,0.6952272727272728,47,68,215.2,Tesla V100S-PCIE-32GB,a97e9d6b04ca,True
Lee-c2-eegnet-t12-s1,Lee,c2,eegnet,12,1,0.54,0.7384090909090909,10,31,104.2,Tesla V100S-PCIE-32GB,a97e9d6b04ca,True
Lee-c2-eegnet-t12-s2,Lee,c2,eegnet,12,2,0.605,0.7918181818181819,62,83,267.7,Tesla V100S-PCIE-32GB,a97e9d6b04ca,True
Lee-c2-eegnet-t13-s0,Lee,c2,eegnet,13,0,0.61,0.7072727272727273,4,30,113.0,Tesla V100-PCIE-16GB,a97e9d6b04ca,True
Lee-c2-eegnet-t13-s1,Lee,c2,eegnet,13,1,0.605,0.7861363636363636,38,59,200.2,Tesla V100-PCIE-16GB,a97e9d6b04ca,True
Lee-c2-eegnet-t13-s2,Lee,c2,eegnet,13,2,0.575,0.7236363636363636,45,66,212.9,Tesla V100S-PCIE-32GB,a97e9d6b04ca,True
Lee-c2-eegnet-t14-s0,Lee,c2,eegnet,14,0,0.8049999999999999,0.6795454545454546,83,100,299.6,Tesla V100S-PCIE-32GB,a97e9d6b04ca,True
Lee-c2-eegnet-t14-s1,Lee,c2,eegnet,14,1,0.65,0.6836363636363636,7,30,109.7,Tesla V100-PCIE-32GB,a97e9d6b04ca,True
Lee-c2-eegnet-t14-s2,Lee,c2,eegnet,14,2,0.75,0.6827272727272727,50,71,178.0,Tesla V100S-PCIE-32GB,a97e9d6b04ca,True
Lee-c2-eegnet-t15-s0,Lee,c2,eegnet,15,0,0.605,0.7406818181818182,36,57,160.1,Tesla V100S-PCIE-32GB,a97e9d6b04ca,True
Lee-c2-eegnet-t15-s1,Lee,c2,eegnet,15,1,0.5700000000000001,0.7584090909090909,91,100,311.0,Tesla V100-PCIE-16GB,a97e9d6b04ca,True
Lee-c2-eegnet-t15-s2,Lee,c2,eegnet,15,2,0.5700000000000001,0.6956818181818182,17,38,117.1,Tesla V100S-PCIE-32GB,a97e9d6b04ca,True
Lee-c2-eegnet-t16-s0,Lee,c2,eegnet,16,0,0.5900000000000001,0.7115909090909092,38,59,197.2,Tesla V100-PCIE-32GB,a97e9d6b04ca,True
Lee-c2-eegnet-t16-s1,Lee,c2,eegnet,16,1,0.675,0.7563636363636363,84,100,301.8,Tesla V100S-PCIE-32GB,a97e9d6b04ca,True
Lee-c2-eegnet-t16-s2,Lee,c2,eegnet,16,2,0.645,0.7118181818181819,34,55,141.6,Tesla V100S-PCIE-32GB,a97e9d6b04ca,True
Lee-c2-eegnet-t17-s0,Lee,c2,eegnet,17,0,0.6849999999999999,0.7245454545454546,63,84,228.5,Tesla V100S-PCIE-32GB,a97e9d6b04ca,True
Lee-c2-eegnet-t17-s1,Lee,c2,eegnet,17,1,0.665,0.7075,87,100,262.9,Tesla V100S-PCIE-32GB,a97e9d6b04ca,True
Lee-c2-eegnet-t17-s2,Lee,c2,eegnet,17,2,0.69,0.6836363636363636,33,54,181.8,Tesla V100-PCIE-16GB,a97e9d6b04ca,True
Lee-c2-eegnet-t18-s0,Lee,c2,eegnet,18,0,0.9099999999999999,0.6381818181818182,71,92,283.8,Tesla V100S-PCIE-32GB,a97e9d6b04ca,True
Lee-c2-eegnet-t18-s1,Lee,c2,eegnet,18,1,0.835,0.7627272727272727,4,30,121.7,Tesla V100S-PCIE-32GB,a97e9d6b04ca,True
Lee-c2-eegnet-t18-s2,Lee,c2,eegnet,18,2,0.885,0.6797727272727273,51,72,225.7,Tesla V100S-PCIE-32GB,a97e9d6b04ca,True
Lee-c2-eegnet-t19-s0,Lee,c2,eegnet,19,0,0.78,0.7479545454545455,7,30,120.5,Tesla V100S-PCIE-32GB,a97e9d6b04ca,True
Lee-c2-eegnet-t19-s1,Lee,c2,eegnet,19,1,0.825,0.7943181818181819,17,38,136.1,Tesla V100-PCIE-16GB,a97e9d6b04ca,True
Lee-c2-eegnet-t19-s2,Lee,c2,eegnet,19,2,0.79,0.7229545454545454,20,41,146.1,Tesla V100-PCIE-16GB,a97e9d6b04ca,True
Lee-c2-eegnet-t20-s0,Lee,c2,eegnet,20,0,0.8300000000000001,0.6834090909090909,40,61,200.8,Tesla V100-PCIE-32GB,a97e9d6b04ca,True
Lee-c2-eegnet-t20-s1,Lee,c2,eegnet,20,1,0.74,0.6604545454545454,35,56,143.6,Tesla V100S-PCIE-32GB,a97e9d6b04ca,True
Lee-c2-eegnet-t20-s2,Lee,c2,eegnet,20,2,0.79,0.7015909090909092,8,30,94.5,Tesla V100S-PCIE-32GB,a97e9d6b04ca,True
Lee-c2-eegnet-t21-s0,Lee,c2,eegnet,21,0,0.975,0.7070454545454545,32,53,173.3,Tesla V100S-PCIE-32GB,a97e9d6b04ca,True
Lee-c2-eegnet-t21-s1,Lee,c2,eegnet,21,1,0.98,0.7740909090909092,86,100,315.7,Tesla V100S-PCIE-32GB,a97e9d6b04ca,True
Lee-c2-eegnet-t21-s2,Lee,c2,eegnet,21,2,0.985,0.7820454545454545,44,65,182.5,Tesla V100S-PCIE-32GB,a97e9d6b04ca,True
Lee-c2-eegnet-t22-s0,Lee,c2,eegnet,22,0,0.81,0.6977272727272728,10,31,102.5,Tesla V100S-PCIE-32GB,a97e9d6b04ca,True
Lee-c2-eegnet-t22-s1,Lee,c2,eegnet,22,1,0.87,0.7445454545454546,19,40,135.8,Tesla V100S-PCIE-32GB,a97e9d6b04ca,True
Lee-c2-eegnet-t22-s2,Lee,c2,eegnet,22,2,0.8300000000000001,0.7027272727272726,19,40,142.2,Tesla V100-PCIE-16GB,a97e9d6b04ca,True
Lee-c2-eegnet-t23-s0,Lee,c2,eegnet,23,0,0.6499999999999999,0.6815909090909091,37,58,191.9,Tesla V100-PCIE-16GB,a97e9d6b04ca,True
Lee-c2-eegnet-t23-s1,Lee,c2,eegnet,23,1,0.725,0.7077272727272728,52,73,230.4,Tesla V100S-PCIE-32GB,a97e9d6b04ca,True
Lee-c2-eegnet-t23-s2,Lee,c2,eegnet,23,2,0.73,0.8004545454545455,65,86,248.5,Tesla V100-PCIE-32GB,a97e9d6b04ca,True
Lee-c2-eegnet-t24-s0,Lee,c2,eegnet,24,0,0.5750000000000001,0.7879545454545455,28,49,126.6,Tesla V100S-PCIE-32GB,a97e9d6b04ca,True
Lee-c2-eegnet-t24-s1,Lee,c2,eegnet,24,1,0.52,0.6886363636363637,53,74,206.8,Tesla V100S-PCIE-32GB,a97e9d6b04ca,True
Lee-c2-eegnet-t24-s2,Lee,c2,eegnet,24,2,0.54,0.7379545454545455,55,76,207.3,Tesla V100S-PCIE-32GB,a97e9d6b04ca,True
Lee-c2-eegnet-t25-s0,Lee,c2,eegnet,25,0,0.695,0.7090909090909091,27,48,143.8,Tesla V100S-PCIE-32GB,a97e9d6b04ca,True
Lee-c2-eegnet-t25-s1,Lee,c2,eegnet,25,1,0.805,0.7252272727272727,5,30,107.5,Tesla V100S-PCIE-32GB,a97e9d6b04ca,True
Lee-c2-eegnet-t25-s2,Lee,c2,eegnet,25,2,0.765,0.6943181818181818,55,76,243.2,Tesla V100-PCIE-16GB,a97e9d6b04ca,True
Lee-c2-eegnet-t26-s0,Lee,c2,eegnet,26,0,0.575,0.6820454545454545,86,100,245.8,Tesla V100S-PCIE-32GB,a97e9d6b04ca,True
Lee-c2-eegnet-t26-s1,Lee,c2,eegnet,26,1,0.61,0.7106818181818182,79,100,319.0,Tesla V100S-PCIE-32GB,a97e9d6b04ca,True
Lee-c2-eegnet-t26-s2,Lee,c2,eegnet,26,2,0.555,0.7763636363636364,9,30,112.6,Tesla V100-PCIE-16GB,a97e9d6b04ca,True
Lee-c2-eegnet-t27-s0,Lee,c2,eegnet,27,0,0.5800000000000001,0.7395454545454545,43,64,213.7,Tesla V100S-PCIE-32GB,a97e9d6b04ca,True
Lee-c2-eegnet-t27-s1,Lee,c2,eegnet,27,1,0.55,0.7197727272727272,16,37,127.4,Tesla V100S-PCIE-32GB,a97e9d6b04ca,True
Lee-c2-eegnet-t27-s2,Lee,c2,eegnet,27,2,0.565,0.7113636363636364,49,70,228.9,Tesla V100-PCIE-32GB,a97e9d6b04ca,True
Lee-c2-eegnet-t28-s0,Lee,c2,eegnet,28,0,0.98,0.7293181818181818,42,63,168.0,Tesla V100S-PCIE-32GB,a97e9d6b04ca,True
Lee-c2-eegnet-t28-s1,Lee,c2,eegnet,28,1,0.98,0.6863636363636364,76,97,296.9,Tesla V100S-PCIE-32GB,a97e9d6b04ca,True
Lee-c2-eegnet-t28-s2,Lee,c2,eegnet,28,2,0.98,0.6554545454545455,47,68,231.9,Tesla V100-PCIE-16GB,a97e9d6b04ca,True
Lee-c2-eegnet-t29-s0,Lee,c2,eegnet,29,0,0.62,0.7540909090909091,73,94,250.1,Tesla V100S-PCIE-32GB,a97e9d6b04ca,True
Lee-c2-eegnet-t29-s1,Lee,c2,eegnet,29,1,0.7849999999999999,0.718409090909091,9,30,112.7,Tesla V100-PCIE-16GB,a97e9d6b04ca,True
Lee-c2-eegnet-t29-s2,Lee,c2,eegnet,29,2,0.625,0.8090909090909091,61,82,252.1,Tesla V100S-PCIE-32GB,a97e9d6b04ca,True
Lee-c2-eegnet-t30-s0,Lee,c2,eegnet,30,0,0.73,0.7615909090909091,78,99,243.4,Tesla V100S-PCIE-32GB,a97e9d6b04ca,True
Lee-c2-eegnet-t30-s1,Lee,c2,eegnet,30,1,0.7250000000000001,0.7334090909090909,84,100,256.6,Tesla V100S-PCIE-32GB,a97e9d6b04ca,True
Lee-c2-eegnet-t30-s2,Lee,c2,eegnet,30,2,0.735,0.6527272727272727,45,66,214.8,Tesla V100S-PCIE-32GB,a97e9d6b04ca,True
Lee-c2-eegnet-t31-s0,Lee,c2,eegnet,31,0,0.68,0.7627272727272727,45,66,211.0,Tesla V100-PCIE-16GB,a97e9d6b04ca,True
Lee-c2-eegnet-t31-s1,Lee,c2,eegnet,31,1,0.74,0.7593181818181818,45,66,217.5,Tesla V100-PCIE-32GB,a97e9d6b04ca,True
Lee-c2-eegnet-t31-s2,Lee,c2,eegnet,31,2,0.6699999999999999,0.7361363636363636,16,37,117.1,Tesla V100S-PCIE-32GB,a97e9d6b04ca,True
Lee-c2-eegnet-t32-s0,Lee,c2,eegnet,32,0,0.9299999999999999,0.7077272727272728,29,50,182.2,Tesla V100S-PCIE-32GB,a97e9d6b04ca,True
Lee-c2-eegnet-t32-s1,Lee,c2,eegnet,32,1,0.905,0.6781818181818182,44,65,220.3,Tesla V100-PCIE-16GB,a97e9d6b04ca,True
Lee-c2-eegnet-t32-s2,Lee,c2,eegnet,32,2,0.9299999999999999,0.7661363636363636,70,91,266.4,Tesla V100S-PCIE-32GB,a97e9d6b04ca,True
Lee-c2-eegnet-t33-s0,Lee,c2,eegnet,33,0,0.975,0.6838636363636363,45,66,206.7,Tesla V100S-PCIE-32GB,a97e9d6b04ca,True
Lee-c2-eegnet-t33-s1,Lee,c2,eegnet,33,1,0.985,0.7034090909090909,35,56,143.7,Tesla V100S-PCIE-32GB,a97e9d6b04ca,True
Lee-c2-eegnet-t33-s2,Lee,c2,eegnet,33,2,0.99,0.7804545454545454,70,91,236.1,Tesla V100S-PCIE-32GB,a97e9d6b04ca,True
Lee-c2-eegnet-t34-s0,Lee,c2,eegnet,34,0,0.505,0.6915909090909091,65,86,274.9,Tesla V100-PCIE-32GB,a97e9d6b04ca,True
Lee-c2-eegnet-t34-s1,Lee,c2,eegnet,34,1,0.545,0.7636363636363637,80,100,265.4,Tesla V100S-PCIE-32GB,a97e9d6b04ca,True
Lee-c2-eegnet-t34-s2,Lee,c2,eegnet,34,2,0.51,0.7438636363636364,26,47,168.4,Tesla V100S-PCIE-32GB,a97e9d6b04ca,True
Lee-c2-eegnet-t35-s0,Lee,c2,eegnet,35,0,0.54,0.7161363636363636,27,48,163.3,Tesla V100-PCIE-16GB,a97e9d6b04ca,True
Lee-c2-eegnet-t35-s1,Lee,c2,eegnet,35,1,0.49,0.7336363636363636,35,56,183.1,Tesla V100S-PCIE-32GB,a97e9d6b04ca,True
Lee-c2-eegnet-t35-s2,Lee,c2,eegnet,35,2,0.45499999999999996,0.6854545454545454,12,33,123.6,Tesla V100-PCIE-16GB,a97e9d6b04ca,True
Lee-c2-eegnet-t36-s0,Lee,c2,eegnet,36,0,0.9199999999999999,0.709090909090909,16,37,99.3,Tesla V100S-PCIE-32GB,a97e9d6b04ca,True
Lee-c2-eegnet-t36-s1,Lee,c2,eegnet,36,1,0.895,0.7427272727272727,70,91,275.6,Tesla V100S-PCIE-32GB,a97e9d6b04ca,True
Lee-c2-eegnet-t36-s2,Lee,c2,eegnet,36,2,0.835,0.7313636363636364,7,30,96.5,Tesla V100S-PCIE-32GB,a97e9d6b04ca,True
Lee-c2-eegnet-t37-s0,Lee,c2,eegnet,37,0,0.95,0.7104545454545454,49,70,220.1,Tesla V100S-PCIE-32GB,a97e9d6b04ca,True
Lee-c2-eegnet-t37-s1,Lee,c2,eegnet,37,1,0.97,0.7740909090909092,52,73,240.1,Tesla V100S-PCIE-32GB,a97e9d6b04ca,True
Lee-c2-eegnet-t37-s2,Lee,c2,eegnet,37,2,0.965,0.7279545454545455,30,51,173.7,Tesla V100-PCIE-16GB,a97e9d6b04ca,True
Lee-c2-eegnet-t38-s0,Lee,c2,eegnet,38,0,0.625,0.7940909090909092,72,93,292.1,Tesla V100S-PCIE-32GB,a97e9d6b04ca,True
Lee-c2-eegnet-t38-s1,Lee,c2,eegnet,38,1,0.545,0.6943181818181818,22,43,154.5,Tesla V100-PCIE-16GB,a97e9d6b04ca,True
Lee-c2-eegnet-t38-s2,Lee,c2,eegnet,38,2,0.63,0.7375,42,63,159.7,Tesla V100S-PCIE-32GB,a97e9d6b04ca,True
Lee-c2-eegnet-t39-s0,Lee,c2,eegnet,39,0,0.885,0.7749999999999999,24,45,155.3,Tesla V100-PCIE-32GB,a97e9d6b04ca,True
Lee-c2-eegnet-t39-s1,Lee,c2,eegnet,39,1,0.86,0.7563636363636363,46,67,184.1,Tesla V100S-PCIE-32GB,a97e9d6b04ca,True
Lee-c2-eegnet-t39-s2,Lee,c2,eegnet,39,2,0.8799999999999999,0.6879545454545455,45,66,183.2,Tesla V100S-PCIE-32GB,a97e9d6b04ca,True
Lee-c2-eegnet-t40-s0,Lee,c2,eegnet,40,0,0.635,0.7947727272727273,25,46,156.2,Tesla V100-PCIE-16GB,a97e9d6b04ca,True
Lee-c2-eegnet-t40-s1,Lee,c2,eegnet,40,1,0.65,0.7763636363636364,40,61,155.6,Tesla V100S-PCIE-32GB,a97e9d6b04ca,True
Lee-c2-eegnet-t40-s2,Lee,c2,eegnet,40,2,0.6599999999999999,0.6888636363636363,53,74,209.0,Tesla V100S-PCIE-32GB,a97e9d6b04ca,True
Lee-c2-eegnet-t41-s0,Lee,c2,eegnet,41,0,0.56,0.6947727272727273,16,37,143.7,Tesla V100S-PCIE-32GB,a97e9d6b04ca,True
Lee-c2-eegnet-t41-s1,Lee,c2,eegnet,41,1,0.6,0.73,66,87,280.9,Tesla V100-PCIE-16GB,a97e9d6b04ca,True
Lee-c2-eegnet-t41-s2,Lee,c2,eegnet,41,2,0.525,0.7031818181818181,15,36,126.1,Tesla V100S-PCIE-32GB,a97e9d6b04ca,True
Lee-c2-eegnet-t42-s0,Lee,c2,eegnet,42,0,0.77,0.6772727272727272,23,44,153.0,Tesla V100-PCIE-32GB,a97e9d6b04ca,True
Lee-c2-eegnet-t42-s1,Lee,c2,eegnet,42,1,0.76,0.7847727272727273,27,48,141.8,Tesla V100S-PCIE-32GB,a97e9d6b04ca,True
Lee-c2-eegnet-t42-s2,Lee,c2,eegnet,42,2,0.7150000000000001,0.7018181818181818,20,41,129.2,Tesla V100S-PCIE-32GB,a97e9d6b04ca,True
Lee-c2-eegnet-t43-s0,Lee,c2,eegnet,43,0,0.8300000000000001,0.7415909090909092,35,56,182.6,Tesla V100S-PCIE-32GB,a97e9d6b04ca,True
Lee-c2-eegnet-t43-s1,Lee,c2,eegnet,43,1,0.7949999999999999,0.7745454545454545,28,49,164.9,Tesla V100-PCIE-16GB,a97e9d6b04ca,True
Lee-c2-eegnet-t43-s2,Lee,c2,eegnet,43,2,0.815,0.6640909090909091,30,51,177.7,Tesla V100S-PCIE-32GB,a97e9d6b04ca,True
Lee-c2-eegnet-t44-s0,Lee,c2,eegnet,44,0,0.94,0.7179545454545455,83,100,245.7,Tesla V100S-PCIE-32GB,a97e9d6b04ca,True
Lee-c2-eegnet-t44-s1,Lee,c2,eegnet,44,1,0.9450000000000001,0.6961363636363636,63,84,259.2,Tesla V100S-PCIE-32GB,a97e9d6b04ca,True
Lee-c2-eegnet-t44-s2,Lee,c2,eegnet,44,2,0.89,0.7547727272727273,53,74,215.3,Tesla V100S-PCIE-32GB,a97e9d6b04ca,True
Lee-c2-eegnet-t45-s0,Lee,c2,eegnet,45,0,0.95,0.6572727272727272,48,69,232.0,Tesla V100-PCIE-32GB,a97e9d6b04ca,True
Lee-c2-eegnet-t45-s1,Lee,c2,eegnet,45,1,0.905,0.7118181818181819,46,67,183.8,Tesla V100S-PCIE-32GB,a97e9d6b04ca,True
Lee-c2-eegnet-t45-s2,Lee,c2,eegnet,45,2,0.9099999999999999,0.7331818181818182,45,66,183.0,Tesla V100S-PCIE-32GB,a97e9d6b04ca,True
Lee-c2-eegnet-t46-s0,Lee,c2,eegnet,46,0,0.835,0.6895454545454545,44,65,202.6,Tesla V100S-PCIE-32GB,a97e9d6b04ca,True
Lee-c2-eegnet-t46-s1,Lee,c2,eegnet,46,1,0.865,0.7640909090909092,43,64,212.4,Tesla V100-PCIE-16GB,a97e9d6b04ca,True
Lee-c2-eegnet-t46-s2,Lee,c2,eegnet,46,2,0.86,0.7336363636363636,46,67,227.5,Tesla V100-PCIE-16GB,a97e9d6b04ca,True
Lee-c2-eegnet-t47-s0,Lee,c2,eegnet,47,0,0.8600000000000001,0.6934090909090909,47,68,230.5,Tesla V100S-PCIE-32GB,a97e9d6b04ca,True
Lee-c2-eegnet-t47-s1,Lee,c2,eegnet,47,1,0.875,0.7881818181818182,26,47,123.1,Tesla V100S-PCIE-32GB,a97e9d6b04ca,True
Lee-c2-eegnet-t47-s2,Lee,c2,eegnet,47,2,0.835,0.6952272727272727,60,81,218.2,Tesla V100S-PCIE-32GB,a97e9d6b04ca,True
Lee-c2-eegnet-t48-s0,Lee,c2,eegnet,48,0,0.5549999999999999,0.7411363636363636,19,40,122.9,Tesla V100S-PCIE-32GB,a97e9d6b04ca,True
Lee-c2-eegnet-t48-s1,Lee,c2,eegnet,48,1,0.515,0.791590909090909,59,80,246.8,Tesla V100S-PCIE-32GB,a97e9d6b04ca,True
Lee-c2-eegnet-t48-s2,Lee,c2,eegnet,48,2,0.515,0.7261363636363636,38,59,203.5,Tesla V100-PCIE-32GB,a97e9d6b04ca,True
Lee-c2-eegnet-t49-s0,Lee,c2,eegnet,49,0,0.605,0.7518181818181818,53,74,232.6,Tesla V100S-PCIE-32GB,a97e9d6b04ca,True
Lee-c2-eegnet-t49-s1,Lee,c2,eegnet,49,1,0.685,0.7140909090909091,63,84,264.5,Tesla V100S-PCIE-32GB,a97e9d6b04ca,True
Lee-c2-eegnet-t49-s2,Lee,c2,eegnet,49,2,0.66,0.7234090909090909,41,62,200.4,Tesla V100-PCIE-16GB,a97e9d6b04ca,True
Lee-c2-eegnet-t50-s0,Lee,c2,eegnet,50,0,0.52,0.72,33,54,188.1,Tesla V100-PCIE-16GB,a97e9d6b04ca,True
Lee-c2-eegnet-t50-s1,Lee,c2,eegnet,50,1,0.515,0.7811363636363636,49,70,232.8,Tesla V100S-PCIE-32GB,a97e9d6b04ca,True
Lee-c2-eegnet-t50-s2,Lee,c2,eegnet,50,2,0.525,0.7704545454545455,36,57,146.3,Tesla V100S-PCIE-32GB,a97e9d6b04ca,True
Lee-c2-eegnet-t51-s0,Lee,c2,eegnet,51,0,0.6,0.835,43,64,178.5,Tesla V100S-PCIE-32GB,a97e9d6b04ca,True
Lee-c2-eegnet-t51-s1,Lee,c2,eegnet,51,1,0.6799999999999999,0.6804545454545454,21,42,122.9,Tesla V100S-PCIE-32GB,a97e9d6b04ca,True
Lee-c2-eegnet-t51-s2,Lee,c2,eegnet,51,2,0.575,0.7386363636363636,90,100,326.9,Tesla V100-PCIE-32GB,a97e9d6b04ca,True
Lee-c2-eegnet-t52-s0,Lee,c2,eegnet,52,0,0.7949999999999999,0.6843181818181818,34,55,178.5,Tesla V100S-PCIE-32GB,a97e9d6b04ca,True
Lee-c2-eegnet-t52-s1,Lee,c2,eegnet,52,1,0.81,0.7515909090909091,35,56,196.4,Tesla V100-PCIE-16GB,a97e9d6b04ca,True
Lee-c2-eegnet-t52-s2,Lee,c2,eegnet,52,2,0.8049999999999999,0.7056818181818182,6,30,83.2,Tesla V100S-PCIE-32GB,a97e9d6b04ca,True
Lee-c2-eegnet-t53-s0,Lee,c2,eegnet,53,0,0.64,0.6945454545454546,10,31,99.1,Tesla V100S-PCIE-32GB,a97e9d6b04ca,True
Lee-c2-eegnet-t53-s1,Lee,c2,eegnet,53,1,0.615,0.7159090909090909,94,100,264.0,Tesla V100S-PCIE-32GB,a97e9d6b04ca,True
Lee-c2-eegnet-t53-s2,Lee,c2,eegnet,53,2,0.595,0.7234090909090909,24,45,146.0,Tesla V100-PCIE-16GB,a97e9d6b04ca,True
Lee-c2-eegnet-t54-s0,Lee,c2,eegnet,54,0,0.5800000000000001,0.7829545454545455,26,47,156.1,Tesla V100S-PCIE-32GB,a97e9d6b04ca,True
Lee-c2-eegnet-t54-s1,Lee,c2,eegnet,54,1,0.64,0.7411363636363637,31,52,184.6,Tesla V100S-PCIE-32GB,a97e9d6b04ca,True
Lee-c2-eegnet-t54-s2,Lee,c2,eegnet,54,2,0.545,0.745,51,72,231.2,Tesla V100S-PCIE-32GB,a97e9d6b04ca,True
Lee-c2-tsmnet-t01-s0,Lee,c2,tsmnet,1,0,0.88,0.6729545454545455,26,47,1394.0,Tesla V100S-PCIE-32GB,a97e9d6b04ca,True
Lee-c2-tsmnet-t01-s1,Lee,c2,tsmnet,1,1,0.88,0.7352272727272727,27,48,930.2,Tesla V100S-PCIE-32GB,a97e9d6b04ca,True
Lee-c2-tsmnet-t01-s2,Lee,c2,tsmnet,1,2,0.855,0.6870454545454545,26,47,1030.9,Tesla V100S-PCIE-32GB,a97e9d6b04ca,True
Lee-c2-tsmnet-t02-s0,Lee,c2,tsmnet,2,0,0.93,0.7854545454545454,11,32,979.1,Tesla V100-PCIE-16GB,a97e9d6b04ca,True
Lee-c2-tsmnet-t02-s1,Lee,c2,tsmnet,2,1,0.925,0.8145454545454545,3,30,956.5,Tesla V100-PCIE-16GB,a97e9d6b04ca,True
Lee-c2-tsmnet-t02-s2,Lee,c2,tsmnet,2,2,0.945,0.8011363636363636,16,37,1139.4,Tesla V100S-PCIE-32GB,a97e9d6b04ca,True
Lee-c2-tsmnet-t03-s0,Lee,c2,tsmnet,3,0,0.965,0.7234090909090909,6,30,938.8,Tesla V100S-PCIE-32GB,a97e9d6b04ca,True
Lee-c2-tsmnet-t03-s1,Lee,c2,tsmnet,3,1,0.97,0.7761363636363636,8,30,759.0,Tesla V100-PCIE-32GB,a97e9d6b04ca,True
Lee-c2-tsmnet-t03-s2,Lee,c2,tsmnet,3,2,0.97,0.73,4,30,707.1,Tesla V100S-PCIE-32GB,a97e9d6b04ca,True
Lee-c2-tsmnet-t04-s0,Lee,c2,tsmnet,4,0,0.615,0.7770454545454546,16,37,1131.1,Tesla V100S-PCIE-32GB,a97e9d6b04ca,True
Lee-c2-tsmnet-t04-s1,Lee,c2,tsmnet,4,1,0.5900000000000001,0.73,30,51,1018.9,Tesla V100S-PCIE-32GB,a97e9d6b04ca,True
Lee-c2-tsmnet-t04-s2,Lee,c2,tsmnet,4,2,0.635,0.7981818181818181,15,36,901.1,Tesla V100-PCIE-32GB,a97e9d6b04ca,True
Lee-c2-tsmnet-t05-s0,Lee,c2,tsmnet,5,0,0.96,0.8240909090909091,15,36,701.9,Tesla V100S-PCIE-32GB,a97e9d6b04ca,True
Lee-c2-tsmnet-t05-s1,Lee,c2,tsmnet,5,1,0.94,0.8088636363636363,58,79,2360.9,Tesla V100-PCIE-16GB,a97e9d6b04ca,True
Lee-c2-tsmnet-t05-s2,Lee,c2,tsmnet,5,2,0.925,0.7711363636363636,12,33,1100.7,Tesla V100-PCIE-16GB,a97e9d6b04ca,True
Lee-c2-tsmnet-t06-s0,Lee,c2,tsmnet,6,0,0.825,0.7861363636363636,5,30,609.4,Tesla V100S-PCIE-32GB,a97e9d6b04ca,True
Lee-c2-tsmnet-t06-s1,Lee,c2,tsmnet,6,1,0.8200000000000001,0.7479545454545454,8,30,931.4,Tesla V100S-PCIE-32GB,a97e9d6b04ca,True
Lee-c2-tsmnet-t06-s2,Lee,c2,tsmnet,6,2,0.8200000000000001,0.815,16,37,1145.0,Tesla V100S-PCIE-32GB,a97e9d6b04ca,True
Lee-c2-tsmnet-t07-s0,Lee,c2,tsmnet,7,0,0.71,0.7940909090909091,16,37,1173.8,Tesla V100S-PCIE-32GB,a97e9d6b04ca,True
Lee-c2-tsmnet-t07-s1,Lee,c2,tsmnet,7,1,0.715,0.8095454545454546,29,50,1497.0,Tesla V100S-PCIE-32GB,a97e9d6b04ca,True
Lee-c2-tsmnet-t07-s2,Lee,c2,tsmnet,7,2,0.71,0.7818181818181817,5,30,587.3,Tesla V100S-PCIE-32GB,a97e9d6b04ca,True
Lee-c2-tsmnet-t08-s0,Lee,c2,tsmnet,8,0,0.765,0.7575,4,30,608.5,Tesla V100S-PCIE-32GB,a97e9d6b04ca,True
Lee-c2-tsmnet-t08-s1,Lee,c2,tsmnet,8,1,0.765,0.7761363636363636,8,30,647.7,Tesla V100-PCIE-32GB,a97e9d6b04ca,True
Lee-c2-tsmnet-t08-s2,Lee,c2,tsmnet,8,2,0.765,0.7465909090909091,4,30,614.4,Tesla V100S-PCIE-32GB,a97e9d6b04ca,True
Lee-c2-tsmnet-t09-s0,Lee,c2,tsmnet,9,0,0.785,0.7265909090909091,22,43,1331.4,Tesla V100S-PCIE-32GB,a97e9d6b04ca,True
Lee-c2-tsmnet-t09-s1,Lee,c2,tsmnet,9,1,0.765,0.7340909090909091,40,61,2026.4,Tesla V100-PCIE-16GB,a97e9d6b04ca,True
Lee-c2-tsmnet-t09-s2,Lee,c2,tsmnet,9,2,0.8,0.7261363636363636,5,30,584.9,Tesla V100S-PCIE-32GB,a97e9d6b04ca,True
Lee-c2-tsmnet-t10-s0,Lee,c2,tsmnet,10,0,0.645,0.7406818181818182,9,30,612.5,Tesla V100S-PCIE-32GB,a97e9d6b04ca,True
Lee-c2-tsmnet-t10-s1,Lee,c2,tsmnet,10,1,0.605,0.813409090909091,2,30,924.2,Tesla V100S-PCIE-32GB,a97e9d6b04ca,True
Lee-c2-tsmnet-t10-s2,Lee,c2,tsmnet,10,2,0.65,0.7627272727272727,23,44,1103.8,Tesla V100-PCIE-32GB,a97e9d6b04ca,True
Lee-c2-tsmnet-t11-s0,Lee,c2,tsmnet,11,0,0.55,0.7236363636363636,2,30,901.2,Tesla V100S-PCIE-32GB,a97e9d6b04ca,True
Lee-c2-tsmnet-t11-s1,Lee,c2,tsmnet,11,1,0.555,0.735,59,80,1649.9,Tesla V100S-PCIE-32GB,a97e9d6b04ca,True
Lee-c2-tsmnet-t11-s2,Lee,c2,tsmnet,11,2,0.575,0.7584090909090909,18,39,1176.3,Tesla V100S-PCIE-32GB,a97e9d6b04ca,True
Lee-c2-tsmnet-t12-s0,Lee,c2,tsmnet,12,0,0.75,0.706590909090909,19,40,776.7,Tesla V100S-PCIE-32GB,a97e9d6b04ca,True
Lee-c2-tsmnet-t12-s1,Lee,c2,tsmnet,12,1,0.7050000000000001,0.7772727272727273,5,30,653.9,Tesla V100S-PCIE-32GB,a97e9d6b04ca,True
Lee-c2-tsmnet-t12-s2,Lee,c2,tsmnet,12,2,0.6950000000000001,0.8218181818181818,22,43,1305.4,Tesla V100-PCIE-16GB,a97e9d6b04ca,True
Lee-c2-tsmnet-t13-s0,Lee,c2,tsmnet,13,0,0.625,0.7365909090909091,1,30,927.6,Tesla V100S-PCIE-32GB,a97e9d6b04ca,True
Lee-c2-tsmnet-t13-s1,Lee,c2,tsmnet,13,1,0.6,0.8154545454545454,11,32,1046.0,Tesla V100S-PCIE-32GB,a97e9d6b04ca,True
Lee-c2-tsmnet-t13-s2,Lee,c2,tsmnet,13,2,0.615,0.7529545454545454,19,40,1302.3,Tesla V100S-PCIE-32GB,a97e9d6b04ca,True
Lee-c2-tsmnet-t14-s0,Lee,c2,tsmnet,14,0,0.76,0.7013636363636364,15,36,774.0,Tesla V100-PCIE-32GB,a97e9d6b04ca,True
Lee-c2-tsmnet-t14-s1,Lee,c2,tsmnet,14,1,0.76,0.725909090909091,0,30,585.3,Tesla V100S-PCIE-32GB,a97e9d6b04ca,True
Lee-c2-tsmnet-t14-s2,Lee,c2,tsmnet,14,2,0.77,0.7247727272727273,38,59,1351.5,Tesla V100S-PCIE-32GB,a97e9d6b04ca,True
Lee-c2-tsmnet-t15-s0,Lee,c2,tsmnet,15,0,0.675,0.7993181818181818,99,100,2917.8,Tesla V100S-PCIE-32GB,a97e9d6b04ca,True
Lee-c2-tsmnet-t15-s1,Lee,c2,tsmnet,15,1,0.625,0.835,11,32,1096.2,Tesla V100-PCIE-16GB,a97e9d6b04ca,True
Lee-c2-tsmnet-t15-s2,Lee,c2,tsmnet,15,2,0.645,0.7334090909090909,20,41,983.7,Tesla V100S-PCIE-32GB,a97e9d6b04ca,True
Lee-c2-tsmnet-t16-s0,Lee,c2,tsmnet,16,0,0.73,0.7586363636363637,44,65,1248.7,Tesla V100S-PCIE-32GB,a97e9d6b04ca,True
Lee-c2-tsmnet-t16-s1,Lee,c2,tsmnet,16,1,0.71,0.7784090909090908,10,31,963.0,Tesla V100S-PCIE-32GB,a97e9d6b04ca,True
Lee-c2-tsmnet-t16-s2,Lee,c2,tsmnet,16,2,0.74,0.7290909090909091,14,35,858.7,Tesla V100-PCIE-32GB,a97e9d6b04ca,True
Lee-c2-tsmnet-t17-s0,Lee,c2,tsmnet,17,0,0.87,0.7518181818181818,4,30,1005.3,Tesla V100S-PCIE-32GB,a97e9d6b04ca,True
Lee-c2-tsmnet-t17-s1,Lee,c2,tsmnet,17,1,0.91,0.7424999999999999,12,33,1016.3,Tesla V100-PCIE-16GB,a97e9d6b04ca,True
Lee-c2-tsmnet-t17-s2,Lee,c2,tsmnet,17,2,0.84,0.7102272727272727,34,55,1692.7,Tesla V100S-PCIE-32GB,a97e9d6b04ca,True
Lee-c2-tsmnet-t18-s0,Lee,c2,tsmnet,18,0,0.915,0.6618181818181819,31,52,1015.0,Tesla V100S-PCIE-32GB,a97e9d6b04ca,True
Lee-c2-tsmnet-t18-s1,Lee,c2,tsmnet,18,1,0.9199999999999999,0.801590909090909,24,45,884.2,Tesla V100S-PCIE-32GB,a97e9d6b04ca,True
Lee-c2-tsmnet-t18-s2,Lee,c2,tsmnet,18,2,0.905,0.7322727272727272,6,30,914.6,Tesla V100-PCIE-16GB,a97e9d6b04ca,True
Lee-c2-tsmnet-t19-s0,Lee,c2,tsmnet,19,0,0.88,0.8104545454545454,17,38,924.5,Tesla V100-PCIE-32GB,a97e9d6b04ca,True
Lee-c2-tsmnet-t19-s1,Lee,c2,tsmnet,19,1,0.81,0.8036363636363637,9,30,940.4,Tesla V100S-PCIE-32GB,a97e9d6b04ca,True
Lee-c2-tsmnet-t19-s2,Lee,c2,tsmnet,19,2,0.84,0.7825,1,30,969.5,Tesla V100S-PCIE-32GB,a97e9d6b04ca,True
Lee-c2-tsmnet-t20-s0,Lee,c2,tsmnet,20,0,0.8300000000000001,0.7127272727272728,24,45,868.5,Tesla V100S-PCIE-32GB,a97e9d6b04ca,True
Lee-c2-tsmnet-t20-s1,Lee,c2,tsmnet,20,1,0.8300000000000001,0.7036363636363636,30,51,1523.4,Tesla V100-PCIE-16GB,a97e9d6b04ca,True
Lee-c2-tsmnet-t20-s2,Lee,c2,tsmnet,20,2,0.855,0.7370454545454546,0,30,614.4,Tesla V100S-PCIE-32GB,a97e9d6b04ca,True
Lee-c2-tsmnet-t21-s0,Lee,c2,tsmnet,21,0,0.995,0.7538636363636364,10,31,631.0,Tesla V100S-PCIE-32GB,a97e9d6b04ca,True
Lee-c2-tsmnet-t21-s1,Lee,c2,tsmnet,21,1,0.995,0.8084090909090909,4,30,965.5,Tesla V100-PCIE-16GB,a97e9d6b04ca,True
Lee-c2-tsmnet-t21-s2,Lee,c2,tsmnet,21,2,0.995,0.8129545454545455,12,33,682.1,Tesla V100-PCIE-32GB,a97e9d6b04ca,True
Lee-c2-tsmnet-t22-s0,Lee,c2,tsmnet,22,0,0.845,0.7568181818181818,8,30,936.3,Tesla V100S-PCIE-32GB,a97e9d6b04ca,True
Lee-c2-tsmnet-t22-s1,Lee,c2,tsmnet,22,1,0.835,0.7813636363636364,21,42,819.8,Tesla V100S-PCIE-32GB,a97e9d6b04ca,True
Lee-c2-tsmnet-t22-s2,Lee,c2,tsmnet,22,2,0.835,0.7365909090909091,13,34,1062.8,Tesla V100S-PCIE-32GB,a97e9d6b04ca,True
Lee-c2-tsmnet-t23-s0,Lee,c2,tsmnet,23,0,0.7250000000000001,0.7372727272727273,6,30,1033.7,Tesla V100S-PCIE-32GB,a97e9d6b04ca,True
Lee-c2-tsmnet-t23-s1,Lee,c2,tsmnet,23,1,0.7,0.7427272727272727,15,36,728.1,Tesla V100S-PCIE-32GB,a97e9d6b04ca,True
Lee-c2-tsmnet-t23-s2,Lee,c2,tsmnet,23,2,0.715,0.8254545454545454,62,83,1714.1,Tesla V100S-PCIE-32GB,a97e9d6b04ca,True
Lee-c2-tsmnet-t24-s0,Lee,c2,tsmnet,24,0,0.535,0.8104545454545455,17,38,1141.1,Tesla V100S-PCIE-32GB,a97e9d6b04ca,True
Lee-c2-tsmnet-t24-s1,Lee,c2,tsmnet,24,1,0.565,0.7347727272727274,14,35,726.9,Tesla V100-PCIE-32GB,a97e9d6b04ca,True
Lee-c2-tsmnet-t24-s2,Lee,c2,tsmnet,24,2,0.575,0.7527272727272727,15,36,1139.3,Tesla V100-PCIE-16GB,a97e9d6b04ca,True
Lee-c2-tsmnet-t25-s0,Lee,c2,tsmnet,25,0,0.69,0.7486363636363635,9,30,924.6,Tesla V100-PCIE-16GB,a97e9d6b04ca,True
Lee-c2-tsmnet-t25-s1,Lee,c2,tsmnet,25,1,0.74,0.7925,43,64,1231.7,Tesla V100S-PCIE-32GB,a97e9d6b04ca,True
Lee-c2-tsmnet-t25-s2,Lee,c2,tsmnet,25,2,0.675,0.7077272727272728,6,30,937.9,Tesla V100S-PCIE-32GB,a97e9d6b04ca,True
Lee-c2-tsmnet-t26-s0,Lee,c2,tsmnet,26,0,0.665,0.7045454545454546,16,37,1219.2,Tesla V100S-PCIE-32GB,a97e9d6b04ca,True
Lee-c2-tsmnet-t26-s1,Lee,c2,tsmnet,26,1,0.665,0.735,29,50,1066.9,Tesla V100S-PCIE-32GB,a97e9d6b04ca,True
Lee-c2-tsmnet-t26-s2,Lee,c2,tsmnet,26,2,0.63,0.8097727272727273,4,30,897.7,Tesla V100S-PCIE-32GB,a97e9d6b04ca,True
Lee-c2-tsmnet-t27-s0,Lee,c2,tsmnet,27,0,0.585,0.7681818181818182,20,41,846.1,Tesla V100-PCIE-32GB,a97e9d6b04ca,True
Lee-c2-tsmnet-t27-s1,Lee,c2,tsmnet,27,1,0.565,0.781590909090909,11,32,967.6,Tesla V100S-PCIE-32GB,a97e9d6b04ca,True
Lee-c2-tsmnet-t27-s2,Lee,c2,tsmnet,27,2,0.5449999999999999,0.7763636363636364,10,31,939.1,Tesla V100-PCIE-16GB,a97e9d6b04ca,True
Lee-c2-tsmnet-t28-s0,Lee,c2,tsmnet,28,0,0.99,0.7468181818181818,3,30,942.0,Tesla V100S-PCIE-32GB,a97e9d6b04ca,True
Lee-c2-tsmnet-t28-s1,Lee,c2,tsmnet,28,1,0.995,0.7131818181818181,5,30,938.7,Tesla V100-PCIE-16GB,a97e9d6b04ca,True
Lee-c2-tsmnet-t28-s2,Lee,c2,tsmnet,28,2,0.985,0.6820454545454546,27,48,1112.8,Tesla V100S-PCIE-32GB,a97e9d6b04ca,True
Lee-c2-tsmnet-t29-s0,Lee,c2,tsmnet,29,0,0.795,0.7836363636363637,14,35,1129.3,Tesla V100S-PCIE-32GB,a97e9d6b04ca,True
Lee-c2-tsmnet-t29-s1,Lee,c2,tsmnet,29,1,0.915,0.7568181818181818,3,30,589.2,Tesla V100S-PCIE-32GB,a97e9d6b04ca,True
Lee-c2-tsmnet-t29-s2,Lee,c2,tsmnet,29,2,0.895,0.8543181818181818,23,44,1066.5,Tesla V100-PCIE-32GB,a97e9d6b04ca,True
Lee-c2-tsmnet-t30-s0,Lee,c2,tsmnet,30,0,0.655,0.7879545454545455,1,30,772.0,Tesla V100S-PCIE-32GB,a97e9d6b04ca,True
Lee-c2-tsmnet-t30-s1,Lee,c2,tsmnet,30,1,0.72,0.7454545454545455,43,64,2248.1,Tesla V100S-PCIE-32GB,a97e9d6b04ca,True
Lee-c2-tsmnet-t30-s2,Lee,c2,tsmnet,30,2,0.765,0.6995454545454545,27,48,1436.0,Tesla V100S-PCIE-32GB,a97e9d6b04ca,True
Lee-c2-tsmnet-t31-s0,Lee,c2,tsmnet,31,0,0.775,0.7925,8,30,582.7,Tesla V100S-PCIE-32GB,a97e9d6b04ca,True
Lee-c2-tsmnet-t31-s1,Lee,c2,tsmnet,31,1,0.775,0.7843181818181819,4,30,907.1,Tesla V100-PCIE-16GB,a97e9d6b04ca,True
Lee-c2-tsmnet-t31-s2,Lee,c2,tsmnet,31,2,0.785,0.7513636363636365,2,30,932.6,Tesla V100S-PCIE-32GB,a97e9d6b04ca,True
Lee-c2-tsmnet-t32-s0,Lee,c2,tsmnet,32,0,0.985,0.7327272727272727,20,41,1255.7,Tesla V100-PCIE-16GB,a97e9d6b04ca,True
Lee-c2-tsmnet-t32-s1,Lee,c2,tsmnet,32,1,0.975,0.6927272727272726,48,69,1499.9,Tesla V100S-PCIE-32GB,a97e9d6b04ca,True
Lee-c2-tsmnet-t32-s2,Lee,c2,tsmnet,32,2,0.975,0.7763636363636364,6,30,601.2,Tesla V100S-PCIE-32GB,a97e9d6b04ca,True
Lee-c2-tsmnet-t33-s0,Lee,c2,tsmnet,33,0,0.99,0.7261363636363636,27,48,1452.5,Tesla V100S-PCIE-32GB,a97e9d6b04ca,True
Lee-c2-tsmnet-t33-s1,Lee,c2,tsmnet,33,1,0.995,0.7395454545454545,20,41,846.3,Tesla V100-PCIE-32GB,a97e9d6b04ca,True
Lee-c2-tsmnet-t33-s2,Lee,c2,tsmnet,33,2,0.995,0.8195454545454546,6,30,583.2,Tesla V100S-PCIE-32GB,a97e9d6b04ca,True
Lee-c2-tsmnet-t34-s0,Lee,c2,tsmnet,34,0,0.495,0.7420454545454546,19,40,1209.1,Tesla V100-PCIE-16GB,a97e9d6b04ca,True
Lee-c2-tsmnet-t34-s1,Lee,c2,tsmnet,34,1,0.485,0.8027272727272727,16,37,873.8,Tesla V100S-PCIE-32GB,a97e9d6b04ca,True
Lee-c2-tsmnet-t34-s2,Lee,c2,tsmnet,34,2,0.475,0.7765909090909091,33,54,1655.7,Tesla V100S-PCIE-32GB,a97e9d6b04ca,True
Lee-c2-tsmnet-t35-s0,Lee,c2,tsmnet,35,0,0.555,0.7436363636363637,3,30,590.6,Tesla V100S-PCIE-32GB,a97e9d6b04ca,True
Lee-c2-tsmnet-t35-s1,Lee,c2,tsmnet,35,1,0.47,0.7597727272727273,14,35,723.5,Tesla V100-PCIE-32GB,a97e9d6b04ca,True
Lee-c2-tsmnet-t35-s2,Lee,c2,tsmnet,35,2,0.475,0.7459090909090909,21,42,1247.3,Tesla V100S-PCIE-32GB,a97e9d6b04ca,True
Lee-c2-tsmnet-t36-s0,Lee,c2,tsmnet,36,0,0.97,0.7527272727272727,6,30,950.7,Tesla V100-PCIE-16GB,a97e9d6b04ca,True
Lee-c2-tsmnet-t36-s1,Lee,c2,tsmnet,36,1,0.965,0.7652272727272726,63,84,1611.1,Tesla V100S-PCIE-32GB,a97e9d6b04ca,True
Lee-c2-tsmnet-t36-s2,Lee,c2,tsmnet,36,2,0.975,0.760909090909091,9,30,603.3,Tesla V100S-PCIE-32GB,a97e9d6b04ca,True
Lee-c2-tsmnet-t37-s0,Lee,c2,tsmnet,37,0,0.97,0.7493181818181818,12,33,1049.5,Tesla V100S-PCIE-32GB,a97e9d6b04ca,True
Lee-c2-tsmnet-t37-s1,Lee,c2,tsmnet,37,1,0.975,0.7995454545454546,13,34,1075.3,Tesla V100S-PCIE-32GB,a97e9d6b04ca,True
Lee-c2-tsmnet-t37-s2,Lee,c2,tsmnet,37,2,0.97,0.7702272727272728,5,30,599.5,Tesla V100S-PCIE-32GB,a97e9d6b04ca,True
Lee-c2-tsmnet-t38-s0,Lee,c2,tsmnet,38,0,0.6950000000000001,0.8236363636363637,17,38,1144.7,Tesla V100-PCIE-16GB,a97e9d6b04ca,True
Lee-c2-tsmnet-t38-s1,Lee,c2,tsmnet,38,1,0.685,0.7086363636363636,8,30,624.3,Tesla V100-PCIE-32GB,a97e9d6b04ca,True
Lee-c2-tsmnet-t38-s2,Lee,c2,tsmnet,38,2,0.6699999999999999,0.7452272727272727,6,30,984.2,Tesla V100-PCIE-16GB,a97e9d6b04ca,True
Lee-c2-tsmnet-t39-s0,Lee,c2,tsmnet,39,0,0.935,0.8165909090909091,24,45,886.6,Tesla V100S-PCIE-32GB,a97e9d6b04ca,True
Lee-c2-tsmnet-t39-s1,Lee,c2,tsmnet,39,1,0.905,0.7734090909090909,17,38,1125.3,Tesla V100S-PCIE-32GB,a97e9d6b04ca,True
Lee-c2-tsmnet-t39-s2,Lee,c2,tsmnet,39,2,0.91,0.7184090909090909,13,34,669.7,Tesla V100S-PCIE-32GB,a97e9d6b04ca,True
Lee-c2-tsmnet-t40-s0,Lee,c2,tsmnet,40,0,0.665,0.8443181818181819,21,42,1290.4,Tesla V100S-PCIE-32GB,a97e9d6b04ca,True
Lee-c2-tsmnet-t40-s1,Lee,c2,tsmnet,40,1,0.6699999999999999,0.7927272727272727,22,43,879.0,Tesla V100-PCIE-32GB,a97e9d6b04ca,True
Lee-c2-tsmnet-t40-s2,Lee,c2,tsmnet,40,2,0.61,0.7147727272727273,24,45,1468.8,Tesla V100S-PCIE-32GB,a97e9d6b04ca,True
Lee-c2-tsmnet-t41-s0,Lee,c2,tsmnet,41,0,0.62,0.7618181818181817,16,37,1231.5,Tesla V100S-PCIE-32GB,a97e9d6b04ca,True
Lee-c2-tsmnet-t41-s1,Lee,c2,tsmnet,41,1,0.605,0.7631818181818182,12,33,998.3,Tesla V100-PCIE-16GB,a97e9d6b04ca,True
Lee-c2-tsmnet-t41-s2,Lee,c2,tsmnet,41,2,0.63,0.7311363636363637,8,30,612.3,Tesla V100S-PCIE-32GB,a97e9d6b04ca,True
Lee-c2-tsmnet-t42-s0,Lee,c2,tsmnet,42,0,0.7050000000000001,0.7077272727272728,2,30,599.2,Tesla V100S-PCIE-32GB,a97e9d6b04ca,True
Lee-c2-tsmnet-t42-s1,Lee,c2,tsmnet,42,1,0.745,0.8354545454545454,5,30,1084.8,Tesla V100-PCIE-16GB,a97e9d6b04ca,True
Lee-c2-tsmnet-t42-s2,Lee,c2,tsmnet,42,2,0.71,0.7363636363636363,18,39,754.5,Tesla V100S-PCIE-32GB,a97e9d6b04ca,True
Lee-c2-tsmnet-t43-s0,Lee,c2,tsmnet,43,0,0.875,0.7665909090909091,2,30,735.8,Tesla V100-PCIE-32GB,a97e9d6b04ca,True
Lee-c2-tsmnet-t43-s1,Lee,c2,tsmnet,43,1,0.895,0.7902272727272728,32,53,1570.1,Tesla V100S-PCIE-32GB,a97e9d6b04ca,True
Lee-c2-tsmnet-t43-s2,Lee,c2,tsmnet,43,2,0.9,0.7231818181818181,5,30,677.2,Tesla V100S-PCIE-32GB,a97e9d6b04ca,True
Lee-c2-tsmnet-t44-s0,Lee,c2,tsmnet,44,0,0.985,0.7679545454545454,9,30,669.3,Tesla V100S-PCIE-32GB,a97e9d6b04ca,True
Lee-c2-tsmnet-t44-s1,Lee,c2,tsmnet,44,1,0.985,0.7159090909090909,5,30,928.6,Tesla V100S-PCIE-32GB,a97e9d6b04ca,True
Lee-c2-tsmnet-t44-s2,Lee,c2,tsmnet,44,2,0.98,0.8025,5,30,588.4,Tesla V100S-PCIE-32GB,a97e9d6b04ca,True
Lee-c2-tsmnet-t45-s0,Lee,c2,tsmnet,45,0,0.965,0.6813636363636364,11,32,1028.7,Tesla V100S-PCIE-32GB,a97e9d6b04ca,True
Lee-c2-tsmnet-t45-s1,Lee,c2,tsmnet,45,1,0.95,0.7545454545454546,25,46,1379.2,Tesla V100-PCIE-16GB,a97e9d6b04ca,True
Lee-c2-tsmnet-t45-s2,Lee,c2,tsmnet,45,2,0.96,0.7513636363636363,48,69,2326.6,Tesla V100S-PCIE-32GB,a97e9d6b04ca,True
Lee-c2-tsmnet-t46-s0,Lee,c2,tsmnet,46,0,0.75,0.7120454545454545,16,37,1189.1,Tesla V100-PCIE-16GB,a97e9d6b04ca,True
Lee-c2-tsmnet-t46-s1,Lee,c2,tsmnet,46,1,0.8300000000000001,0.7927272727272727,17,38,780.6,Tesla V100-PCIE-32GB,a97e9d6b04ca,True
Lee-c2-tsmnet-t46-s2,Lee,c2,tsmnet,46,2,0.755,0.7636363636363637,13,34,679.6,Tesla V100S-PCIE-32GB,a97e9d6b04ca,True
Lee-c2-tsmnet-t47-s0,Lee,c2,tsmnet,47,0,0.885,0.7270454545454546,7,30,601.8,Tesla V100S-PCIE-32GB,a97e9d6b04ca,True
Lee-c2-tsmnet-t47-s1,Lee,c2,tsmnet,47,1,0.87,0.8120454545454545,3,30,585.0,Tesla V100S-PCIE-32GB,a97e9d6b04ca,True
Lee-c2-tsmnet-t47-s2,Lee,c2,tsmnet,47,2,0.885,0.755,5,30,931.6,Tesla V100S-PCIE-32GB,a97e9d6b04ca,True
Lee-c2-tsmnet-t48-s0,Lee,c2,tsmnet,48,0,0.53,0.801590909090909,48,69,1652.8,Tesla V100-PCIE-32GB,a97e9d6b04ca,True
Lee-c2-tsmnet-t48-s1,Lee,c2,tsmnet,48,1,0.515,0.8186363636363636,20,41,1276.3,Tesla V100S-PCIE-32GB,a97e9d6b04ca,True
Lee-c2-tsmnet-t48-s2,Lee,c2,tsmnet,48,2,0.5449999999999999,0.7620454545454545,12,33,997.8,Tesla V100S-PCIE-32GB,a97e9d6b04ca,True
Lee-c2-tsmnet-t49-s0,Lee,c2,tsmnet,49,0,0.72,0.8004545454545454,10,31,761.3,Tesla V100S-PCIE-32GB,a97e9d6b04ca,True
Lee-c2-tsmnet-t49-s1,Lee,c2,tsmnet,49,1,0.71,0.7497727272727273,3,30,739.9,Tesla V100S-PCIE-32GB,a97e9d6b04ca,True
Lee-c2-tsmnet-t49-s2,Lee,c2,tsmnet,49,2,0.735,0.7484090909090908,4,30,589.5,Tesla V100S-PCIE-32GB,a97e9d6b04ca,True
Lee-c2-tsmnet-t50-s0,Lee,c2,tsmnet,50,0,0.5900000000000001,0.7470454545454546,19,40,1217.0,Tesla V100-PCIE-16GB,a97e9d6b04ca,True
Lee-c2-tsmnet-t50-s1,Lee,c2,tsmnet,50,1,0.51,0.8177272727272727,22,43,1418.7,Tesla V100-PCIE-16GB,a97e9d6b04ca,True
Lee-c2-tsmnet-t50-s2,Lee,c2,tsmnet,50,2,0.55,0.7840909090909092,13,34,1050.9,Tesla V100S-PCIE-32GB,a97e9d6b04ca,True
Lee-c2-tsmnet-t51-s0,Lee,c2,tsmnet,51,0,0.715,0.8661363636363637,9,30,588.2,Tesla V100S-PCIE-32GB,a97e9d6b04ca,True
Lee-c2-tsmnet-t51-s1,Lee,c2,tsmnet,51,1,0.7350000000000001,0.7259090909090908,47,68,1619.0,Tesla V100S-PCIE-32GB,a97e9d6b04ca,True
Lee-c2-tsmnet-t51-s2,Lee,c2,tsmnet,51,2,0.715,0.7575000000000001,5,30,738.2,Tesla V100S-PCIE-32GB,a97e9d6b04ca,True
Lee-c2-tsmnet-t52-s0,Lee,c2,tsmnet,52,0,0.855,0.7295454545454545,35,56,1639.4,Tesla V100S-PCIE-32GB,a97e9d6b04ca,True
Lee-c2-tsmnet-t52-s1,Lee,c2,tsmnet,52,1,0.8500000000000001,0.76,17,38,1176.8,Tesla V100S-PCIE-32GB,a97e9d6b04ca,True
Lee-c2-tsmnet-t52-s2,Lee,c2,tsmnet,52,2,0.87,0.7297727272727272,3,30,958.3,Tesla V100S-PCIE-32GB,a97e9d6b04ca,True
Lee-c2-tsmnet-t53-s0,Lee,c2,tsmnet,53,0,0.63,0.7304545454545455,11,32,629.2,Tesla V100S-PCIE-32GB,a97e9d6b04ca,True
Lee-c2-tsmnet-t53-s1,Lee,c2,tsmnet,53,1,0.62,0.7554545454545454,5,30,622.7,Tesla V100-PCIE-32GB,a97e9d6b04ca,True
Lee-c2-tsmnet-t53-s2,Lee,c2,tsmnet,53,2,0.6599999999999999,0.7522727272727272,18,39,1183.1,Tesla V100-PCIE-16GB,a97e9d6b04ca,True
Lee-c2-tsmnet-t54-s0,Lee,c2,tsmnet,54,0,0.605,0.8195454545454546,54,75,1606.7,Tesla V100S-PCIE-32GB,a97e9d6b04ca,True
Lee-c2-tsmnet-t54-s1,Lee,c2,tsmnet,54,1,0.6699999999999999,0.7570454545454546,20,41,1257.7,Tesla V100S-PCIE-32GB,a97e9d6b04ca,True
Lee-c2-tsmnet-t54-s2,Lee,c2,tsmnet,54,2,0.595,0.7968181818181819,6,30,922.4,Tesla V100-PCIE-16GB,a97e9d6b04ca,True
