subject,night,age,sex (F=1),LightsOff
0,1,33,1,00:38:00
0,2,33,1,21:57:00
1,1,33,1,22:44:00
1,2,33,1,22:15:00
2,1,26,1,22:50:00
2,2,26,1,22:57:00
3,1,26,1,00:02:00
3,2,26,1,00:24:00
4,1,34,1,23:12:00
4,2,34,1,23:35:00
5,1,28,1,01:22:00
5,2,28,1,00:35:00
6,1,31,1,00:16:00
6,2,31,1,22:44:00
7,1,30,1,00:36:00
7,2,30,1,00:41:00
8,1,25,1,23:35:00
8,2,25,1,23:37:00
9,1,25,1,23:02:00
9,2,25,1,23:01:00
10,1,26,2,22:59:00
10,2,26,2,23:07:00
11,1,26,2,23:00:00
11,2,26,2,01:14:00
12,1,26,2,00:50:00
12,2,26,2,01:03:00
13,1,27,2,00:14:00
14,1,27,2,22:55:00
14,2,27,2,23:22:00
15,1,31,2,23:56:00
15,2,31,2,23:38:00
16,1,32,2,22:16:00
16,2,32,2,23:16:00
17,1,31,2,23:58:00
17,2,31,2,00:37:00
18,1,28,2,23:25:00
18,2,28,2,23:45:00
19,1,28,2,01:50:00
19,2,28,2,00:57:00
20,1,51,1,23:10:00
20,2,51,1,23:15:00
21,1,51,1,23:28:00
21,2,51,1,23:59:00
22,1,56,1,23:47:00
22,2,56,1,23:14:00
23,1,50,1,00:51:00
23,2,50,1,00:32:00
24,1,54,1,23:22:00
24,2,54,1,22:50:00
25,1,56,1,00:32:00
25,2,56,1,23:49:00
26,1,51,1,23:39:00
26,2,51,1,00:20:00
27,1,54,1,23:41:00
27,2,54,1,22:58:00
28,1,56,1,23:55:00
28,2,56,1,00:13:00
29,1,51,1,22:38:00
29,2,51,1,23:04:00
30,1,50,2,00:09:00
30,2,50,2,00:20:00
31,1,54,2,23:44:00
31,2,54,2,23:14:00
32,1,57,2,00:48:00
32,2,57,2,00:15:00
33,1,60,2,22:58:00
33,2,60,2,22:55:00
34,1,54,2,23:03:00
34,2,54,2,22:30:00
35,1,57,2,00:02:00
35,2,57,2,23:30:00
36,2,51,2,23:59:00
37,1,52,2,23:03:00
37,2,52,2,23:05:00
38,1,51,2,23:12:00
38,2,51,2,23:47:00
40,1,67,1,23:30:00
40,2,67,1,23:55:00
41,1,66,1,23:28:00
41,2,66,1,23:30:00
42,1,69,1,01:30:00
42,2,69,1,00:22:00
43,1,73,1,01:30:00
43,2,73,1,00:47:00
44,1,74,1,00:18:00
44,2,74,1,23:55:00
45,1,66,1,00:26:00
45,2,66,1,00:34:00
46,1,66,1,00:30:00
46,2,66,1,00:38:00
47,1,73,1,22:36:00
47,2,73,1,22:25:00
48,1,67,1,23:04:00
48,2,67,1,23:57:00
49,1,67,1,23:26:00
49,2,67,1,00:13:00
50,1,71,2,22:07:00
50,2,71,2,23:40:00
51,1,70,2,23:10:00
51,2,70,2,00:03:00
52,2,69,2,23:53:00
53,1,67,2,23:49:00
53,2,67,2,23:53:00
54,1,73,2,23:00:00
54,2,73,2,23:30:00
55,1,71,2,22:40:00
55,2,71,2,22:29:00
56,1,72,2,23:14:00
56,2,72,2,23:22:00
57,1,66,2,23:02:00
57,2,66,2,23:51:00
58,1,67,2,22:36:00
58,2,67,2,23:04:00
59,1,67,2,23:25:00
59,2,67,2,00:14:00
60,1,89,1,21:35:00
60,2,89,1,23:00:00
61,1,101,1,00:20:00
61,2,101,1,01:00:00
62,1,95,1,21:00:00
62,2,95,1,21:00:00
63,1,91,1,00:15:00
63,2,91,1,23:39:00
64,1,85,1,22:30:00
64,2,85,1,22:17:00
65,1,88,1,23:10:00
65,2,88,1,23:00:00
66,1,88,1,21:52:00
66,2,88,1,21:56:00
67,1,87,1,22:49:00
67,2,87,1,23:52:00
70,1,89,2,21:40:00
70,2,89,2,21:39:00
71,1,88,2,21:15:00
71,2,88,2,23:18:00
72,1,88,2,23:04:00
72,2,88,2,23:09:00
73,1,97,2,22:30:00
73,2,97,2,22:00:00
74,1,92,2,23:14:00
74,2,92,2,23:06:00
75,1,96,2,22:58:00
75,2,96,2,23:00:00
76,1,90,2,23:28:00
76,2,90,2,01:29:00
77,1,85,2,23:23:00
77,2,85,2,00:10:00
80,1,54,1,23:05:00
80,2,54,1,23:18:00
81,1,57,1,22:00:00
81,2,57,1,21:56:00
82,1,56,1,23:59:00
82,2,56,1,00:05:00
