dataset,label_set,subject,block,protocol_counts,pipeline_retained_counts,rejection_rule_in_pipeline,available_unapplied_rejection_flags,counts_if_flags_applied,P12_or_W2_A_counts,P12_or_W2_E_counts,rho_A,rho_E,TV_rho_A_rho_E,A_E_chronological,source
BNCI2014_001,4class,1,session0/0train,"[72, 72, 72, 72]","[72, 72, 72, 72]",none (MOABB keeps all cue trials; drops 3 EOG baseline runs),"expert artifact flag per trial: [3, 3, 4, 5]","[69, 69, 68, 67]",,,,,,,datalake A0xT/E.mat + P12 manifest
BNCI2014_001,2class_LR,1,session0/0train,"[72, 72]","[72, 72]",none (MOABB keeps all cue trials; drops 3 EOG baseline runs),"expert artifact flag per trial: [3, 3]","[69, 69]","[36, 36]","[36, 36]",0.5,0.5,0.0,yes (runs 0-2 vs 3-5),datalake A0xT/E.mat + P12 manifest
BNCI2014_001,4class,1,session1/1test,"[72, 72, 72, 72]","[72, 72, 72, 72]",none (MOABB keeps all cue trials; drops 3 EOG baseline runs),"expert artifact flag per trial: [1, 2, 3, 1]","[71, 70, 69, 71]",,,,,,,datalake A0xT/E.mat + P12 manifest
BNCI2014_001,2class_LR,1,session1/1test,"[72, 72]","[72, 72]",none (MOABB keeps all cue trials; drops 3 EOG baseline runs),"expert artifact flag per trial: [1, 2]","[71, 70]",,,,,,,datalake A0xT/E.mat + P12 manifest
BNCI2014_001,4class,2,session0/0train,"[72, 72, 72, 72]","[72, 72, 72, 72]",none (MOABB keeps all cue trials; drops 3 EOG baseline runs),"expert artifact flag per trial: [5, 3, 6, 4]","[67, 69, 66, 68]",,,,,,,datalake A0xT/E.mat + P12 manifest
BNCI2014_001,2class_LR,2,session0/0train,"[72, 72]","[72, 72]",none (MOABB keeps all cue trials; drops 3 EOG baseline runs),"expert artifact flag per trial: [5, 3]","[67, 69]","[36, 36]","[36, 36]",0.5,0.5,0.0,yes (runs 0-2 vs 3-5),datalake A0xT/E.mat + P12 manifest
BNCI2014_001,4class,2,session1/1test,"[72, 72, 72, 72]","[72, 72, 72, 72]",none (MOABB keeps all cue trials; drops 3 EOG baseline runs),"expert artifact flag per trial: [1, 1, 3, 0]","[71, 71, 69, 72]",,,,,,,datalake A0xT/E.mat + P12 manifest
BNCI2014_001,2class_LR,2,session1/1test,"[72, 72]","[72, 72]",none (MOABB keeps all cue trials; drops 3 EOG baseline runs),"expert artifact flag per trial: [1, 1]","[71, 71]",,,,,,,datalake A0xT/E.mat + P12 manifest
BNCI2014_001,4class,3,session0/0train,"[72, 72, 72, 72]","[72, 72, 72, 72]",none (MOABB keeps all cue trials; drops 3 EOG baseline runs),"expert artifact flag per trial: [3, 4, 6, 5]","[69, 68, 66, 67]",,,,,,,datalake A0xT/E.mat + P12 manifest
BNCI2014_001,2class_LR,3,session0/0train,"[72, 72]","[72, 72]",none (MOABB keeps all cue trials; drops 3 EOG baseline runs),"expert artifact flag per trial: [3, 4]","[69, 68]","[36, 36]","[36, 36]",0.5,0.5,0.0,yes (runs 0-2 vs 3-5),datalake A0xT/E.mat + P12 manifest
BNCI2014_001,4class,3,session1/1test,"[72, 72, 72, 72]","[72, 72, 72, 72]",none (MOABB keeps all cue trials; drops 3 EOG baseline runs),"expert artifact flag per trial: [5, 2, 4, 4]","[67, 70, 68, 68]",,,,,,,datalake A0xT/E.mat + P12 manifest
BNCI2014_001,2class_LR,3,session1/1test,"[72, 72]","[72, 72]",none (MOABB keeps all cue trials; drops 3 EOG baseline runs),"expert artifact flag per trial: [5, 2]","[67, 70]",,,,,,,datalake A0xT/E.mat + P12 manifest
BNCI2014_001,4class,4,session0/0train,"[72, 72, 72, 72]","[72, 72, 72, 72]",none (MOABB keeps all cue trials; drops 3 EOG baseline runs),"expert artifact flag per trial: [10, 5, 5, 6]","[62, 67, 67, 66]",,,,,,,datalake A0xT/E.mat + P12 manifest
BNCI2014_001,2class_LR,4,session0/0train,"[72, 72]","[72, 72]",none (MOABB keeps all cue trials; drops 3 EOG baseline runs),"expert artifact flag per trial: [10, 5]","[62, 67]","[36, 36]","[36, 36]",0.5,0.5,0.0,yes (runs 0-2 vs 3-5),datalake A0xT/E.mat + P12 manifest
BNCI2014_001,4class,4,session1/1test,"[72, 72, 72, 72]","[72, 72, 72, 72]",none (MOABB keeps all cue trials; drops 3 EOG baseline runs),"expert artifact flag per trial: [13, 15, 13, 19]","[59, 57, 59, 53]",,,,,,,datalake A0xT/E.mat + P12 manifest
BNCI2014_001,2class_LR,4,session1/1test,"[72, 72]","[72, 72]",none (MOABB keeps all cue trials; drops 3 EOG baseline runs),"expert artifact flag per trial: [13, 15]","[59, 57]",,,,,,,datalake A0xT/E.mat + P12 manifest
BNCI2014_001,4class,5,session0/0train,"[72, 72, 72, 72]","[72, 72, 72, 72]",none (MOABB keeps all cue trials; drops 3 EOG baseline runs),"expert artifact flag per trial: [9, 6, 6, 5]","[63, 66, 66, 67]",,,,,,,datalake A0xT/E.mat + P12 manifest
BNCI2014_001,2class_LR,5,session0/0train,"[72, 72]","[72, 72]",none (MOABB keeps all cue trials; drops 3 EOG baseline runs),"expert artifact flag per trial: [9, 6]","[63, 66]","[36, 36]","[36, 36]",0.5,0.5,0.0,yes (runs 0-2 vs 3-5),datalake A0xT/E.mat + P12 manifest
BNCI2014_001,4class,5,session1/1test,"[72, 72, 72, 72]","[72, 72, 72, 72]",none (MOABB keeps all cue trials; drops 3 EOG baseline runs),"expert artifact flag per trial: [2, 7, 0, 3]","[70, 65, 72, 69]",,,,,,,datalake A0xT/E.mat + P12 manifest
BNCI2014_001,2class_LR,5,session1/1test,"[72, 72]","[72, 72]",none (MOABB keeps all cue trials; drops 3 EOG baseline runs),"expert artifact flag per trial: [2, 7]","[70, 65]",,,,,,,datalake A0xT/E.mat + P12 manifest
BNCI2014_001,4class,6,session0/0train,"[72, 72, 72, 72]","[72, 72, 72, 72]",none (MOABB keeps all cue trials; drops 3 EOG baseline runs),"expert artifact flag per trial: [16, 15, 23, 15]","[56, 57, 49, 57]",,,,,,,datalake A0xT/E.mat + P12 manifest
BNCI2014_001,2class_LR,6,session0/0train,"[72, 72]","[72, 72]",none (MOABB keeps all cue trials; drops 3 EOG baseline runs),"expert artifact flag per trial: [16, 15]","[56, 57]","[36, 36]","[36, 36]",0.5,0.5,0.0,yes (runs 0-2 vs 3-5),datalake A0xT/E.mat + P12 manifest
BNCI2014_001,4class,6,session1/1test,"[72, 72, 72, 72]","[72, 72, 72, 72]",none (MOABB keeps all cue trials; drops 3 EOG baseline runs),"expert artifact flag per trial: [19, 17, 18, 19]","[53, 55, 54, 53]",,,,,,,datalake A0xT/E.mat + P12 manifest
BNCI2014_001,2class_LR,6,session1/1test,"[72, 72]","[72, 72]",none (MOABB keeps all cue trials; drops 3 EOG baseline runs),"expert artifact flag per trial: [19, 17]","[53, 55]",,,,,,,datalake A0xT/E.mat + P12 manifest
BNCI2014_001,4class,7,session0/0train,"[72, 72, 72, 72]","[72, 72, 72, 72]",none (MOABB keeps all cue trials; drops 3 EOG baseline runs),"expert artifact flag per trial: [5, 6, 5, 1]","[67, 66, 67, 71]",,,,,,,datalake A0xT/E.mat + P12 manifest
BNCI2014_001,2class_LR,7,session0/0train,"[72, 72]","[72, 72]",none (MOABB keeps all cue trials; drops 3 EOG baseline runs),"expert artifact flag per trial: [5, 6]","[67, 66]","[36, 36]","[36, 36]",0.5,0.5,0.0,yes (runs 0-2 vs 3-5),datalake A0xT/E.mat + P12 manifest
BNCI2014_001,4class,7,session1/1test,"[72, 72, 72, 72]","[72, 72, 72, 72]",none (MOABB keeps all cue trials; drops 3 EOG baseline runs),"expert artifact flag per trial: [1, 3, 1, 6]","[71, 69, 71, 66]",,,,,,,datalake A0xT/E.mat + P12 manifest
BNCI2014_001,2class_LR,7,session1/1test,"[72, 72]","[72, 72]",none (MOABB keeps all cue trials; drops 3 EOG baseline runs),"expert artifact flag per trial: [1, 3]","[71, 69]",,,,,,,datalake A0xT/E.mat + P12 manifest
BNCI2014_001,4class,8,session0/0train,"[72, 72, 72, 72]","[72, 72, 72, 72]",none (MOABB keeps all cue trials; drops 3 EOG baseline runs),"expert artifact flag per trial: [6, 6, 8, 4]","[66, 66, 64, 68]",,,,,,,datalake A0xT/E.mat + P12 manifest
BNCI2014_001,2class_LR,8,session0/0train,"[72, 72]","[72, 72]",none (MOABB keeps all cue trials; drops 3 EOG baseline runs),"expert artifact flag per trial: [6, 6]","[66, 66]","[36, 36]","[36, 36]",0.5,0.5,0.0,yes (runs 0-2 vs 3-5),datalake A0xT/E.mat + P12 manifest
BNCI2014_001,4class,8,session1/1test,"[72, 72, 72, 72]","[72, 72, 72, 72]",none (MOABB keeps all cue trials; drops 3 EOG baseline runs),"expert artifact flag per trial: [6, 4, 3, 4]","[66, 68, 69, 68]",,,,,,,datalake A0xT/E.mat + P12 manifest
BNCI2014_001,2class_LR,8,session1/1test,"[72, 72]","[72, 72]",none (MOABB keeps all cue trials; drops 3 EOG baseline runs),"expert artifact flag per trial: [6, 4]","[66, 68]",,,,,,,datalake A0xT/E.mat + P12 manifest
BNCI2014_001,4class,9,session0/0train,"[72, 72, 72, 72]","[72, 72, 72, 72]",none (MOABB keeps all cue trials; drops 3 EOG baseline runs),"expert artifact flag per trial: [19, 9, 11, 12]","[53, 63, 61, 60]",,,,,,,datalake A0xT/E.mat + P12 manifest
BNCI2014_001,2class_LR,9,session0/0train,"[72, 72]","[72, 72]",none (MOABB keeps all cue trials; drops 3 EOG baseline runs),"expert artifact flag per trial: [19, 9]","[53, 63]","[36, 36]","[36, 36]",0.5,0.5,0.0,yes (runs 0-2 vs 3-5),datalake A0xT/E.mat + P12 manifest
BNCI2014_001,4class,9,session1/1test,"[72, 72, 72, 72]","[72, 72, 72, 72]",none (MOABB keeps all cue trials; drops 3 EOG baseline runs),"expert artifact flag per trial: [7, 7, 3, 7]","[65, 65, 69, 65]",,,,,,,datalake A0xT/E.mat + P12 manifest
BNCI2014_001,2class_LR,9,session1/1test,"[72, 72]","[72, 72]",none (MOABB keeps all cue trials; drops 3 EOG baseline runs),"expert artifact flag per trial: [7, 7]","[65, 65]",,,,,,,datalake A0xT/E.mat + P12 manifest
Cho2017,2class_LR,1,single session,"[100, 100]","[100, 100]",none (MOABB ignores bad_trial_indices),"bad_trial_idx_voltage=[0, 0] bad_trial_idx_mi=[0, 0]","[100, 100]","[50, 50]","[50, 50]",0.5,0.5,0.0,no (class-stratified halves; cross-class order not in .mat),MNE-gigadb s??.mat + P12 manifest
Cho2017,2class_LR,2,single session,"[100, 100]","[100, 100]",none (MOABB ignores bad_trial_indices),"bad_trial_idx_voltage=[1, 0] bad_trial_idx_mi=[0, 0]","[99, 100]","[50, 50]","[50, 50]",0.5,0.5,0.0,no (class-stratified halves; cross-class order not in .mat),MNE-gigadb s??.mat + P12 manifest
Cho2017,2class_LR,3,single session,"[100, 100]","[100, 100]",none (MOABB ignores bad_trial_indices),bad_trial_indices present in .mat (not tallied),,"[50, 50]","[50, 50]",0.5,0.5,0.0,no (class-stratified halves; cross-class order not in .mat),MNE-gigadb s??.mat + P12 manifest
Cho2017,2class_LR,4,single session,"[100, 100]","[100, 100]",none (MOABB ignores bad_trial_indices),bad_trial_indices present in .mat (not tallied),,"[50, 50]","[50, 50]",0.5,0.5,0.0,no (class-stratified halves; cross-class order not in .mat),MNE-gigadb s??.mat + P12 manifest
Cho2017,2class_LR,5,single session,"[100, 100]","[100, 100]",none (MOABB ignores bad_trial_indices),bad_trial_indices present in .mat (not tallied),,"[50, 50]","[50, 50]",0.5,0.5,0.0,no (class-stratified halves; cross-class order not in .mat),MNE-gigadb s??.mat + P12 manifest
Cho2017,2class_LR,6,single session,"[100, 100]","[100, 100]",none (MOABB ignores bad_trial_indices),bad_trial_indices present in .mat (not tallied),,"[50, 50]","[50, 50]",0.5,0.5,0.0,no (class-stratified halves; cross-class order not in .mat),MNE-gigadb s??.mat + P12 manifest
Cho2017,2class_LR,7,single session,"[120, 120]","[120, 120]",none (MOABB ignores bad_trial_indices),bad_trial_indices present in .mat (not tallied),,"[60, 60]","[60, 60]",0.5,0.5,0.0,no (class-stratified halves; cross-class order not in .mat),MNE-gigadb s??.mat + P12 manifest
Cho2017,2class_LR,8,single session,"[100, 100]","[100, 100]",none (MOABB ignores bad_trial_indices),bad_trial_indices present in .mat (not tallied),,"[50, 50]","[50, 50]",0.5,0.5,0.0,no (class-stratified halves; cross-class order not in .mat),MNE-gigadb s??.mat + P12 manifest
Cho2017,2class_LR,9,single session,"[120, 120]","[120, 120]",none (MOABB ignores bad_trial_indices),bad_trial_indices present in .mat (not tallied),,"[60, 60]","[60, 60]",0.5,0.5,0.0,no (class-stratified halves; cross-class order not in .mat),MNE-gigadb s??.mat + P12 manifest
Cho2017,2class_LR,10,single session,"[100, 100]","[100, 100]",none (MOABB ignores bad_trial_indices),bad_trial_indices present in .mat (not tallied),,"[50, 50]","[50, 50]",0.5,0.5,0.0,no (class-stratified halves; cross-class order not in .mat),MNE-gigadb s??.mat + P12 manifest
Cho2017,2class_LR,11,single session,"[100, 100]","[100, 100]",none (MOABB ignores bad_trial_indices),bad_trial_indices present in .mat (not tallied),,"[50, 50]","[50, 50]",0.5,0.5,0.0,no (class-stratified halves; cross-class order not in .mat),MNE-gigadb s??.mat + P12 manifest
Cho2017,2class_LR,12,single session,"[100, 100]","[100, 100]",none (MOABB ignores bad_trial_indices),bad_trial_indices present in .mat (not tallied),,"[50, 50]","[50, 50]",0.5,0.5,0.0,no (class-stratified halves; cross-class order not in .mat),MNE-gigadb s??.mat + P12 manifest
Cho2017,2class_LR,13,single session,"[100, 100]","[100, 100]",none (MOABB ignores bad_trial_indices),bad_trial_indices present in .mat (not tallied),,"[50, 50]","[50, 50]",0.5,0.5,0.0,no (class-stratified halves; cross-class order not in .mat),MNE-gigadb s??.mat + P12 manifest
Cho2017,2class_LR,14,single session,"[100, 100]","[100, 100]",none (MOABB ignores bad_trial_indices),bad_trial_indices present in .mat (not tallied),,"[50, 50]","[50, 50]",0.5,0.5,0.0,no (class-stratified halves; cross-class order not in .mat),MNE-gigadb s??.mat + P12 manifest
Cho2017,2class_LR,15,single session,"[100, 100]","[100, 100]",none (MOABB ignores bad_trial_indices),bad_trial_indices present in .mat (not tallied),,"[50, 50]","[50, 50]",0.5,0.5,0.0,no (class-stratified halves; cross-class order not in .mat),MNE-gigadb s??.mat + P12 manifest
Cho2017,2class_LR,16,single session,"[100, 100]","[100, 100]",none (MOABB ignores bad_trial_indices),bad_trial_indices present in .mat (not tallied),,"[50, 50]","[50, 50]",0.5,0.5,0.0,no (class-stratified halves; cross-class order not in .mat),MNE-gigadb s??.mat + P12 manifest
Cho2017,2class_LR,17,single session,"[100, 100]","[100, 100]",none (MOABB ignores bad_trial_indices),bad_trial_indices present in .mat (not tallied),,"[50, 50]","[50, 50]",0.5,0.5,0.0,no (class-stratified halves; cross-class order not in .mat),MNE-gigadb s??.mat + P12 manifest
Cho2017,2class_LR,18,single session,"[100, 100]","[100, 100]",none (MOABB ignores bad_trial_indices),bad_trial_indices present in .mat (not tallied),,"[50, 50]","[50, 50]",0.5,0.5,0.0,no (class-stratified halves; cross-class order not in .mat),MNE-gigadb s??.mat + P12 manifest
Cho2017,2class_LR,19,single session,"[100, 100]","[100, 100]",none (MOABB ignores bad_trial_indices),bad_trial_indices present in .mat (not tallied),,"[50, 50]","[50, 50]",0.5,0.5,0.0,no (class-stratified halves; cross-class order not in .mat),MNE-gigadb s??.mat + P12 manifest
Cho2017,2class_LR,20,single session,"[100, 100]","[100, 100]",none (MOABB ignores bad_trial_indices),"bad_trial_idx_voltage=[0, 0] bad_trial_idx_mi=[70, 47]","[30, 53]","[50, 50]","[50, 50]",0.5,0.5,0.0,no (class-stratified halves; cross-class order not in .mat),MNE-gigadb s??.mat + P12 manifest
Cho2017,2class_LR,21,single session,"[100, 100]","[100, 100]",none (MOABB ignores bad_trial_indices),bad_trial_indices present in .mat (not tallied),,"[50, 50]","[50, 50]",0.5,0.5,0.0,no (class-stratified halves; cross-class order not in .mat),MNE-gigadb s??.mat + P12 manifest
Cho2017,2class_LR,22,single session,"[100, 100]","[100, 100]",none (MOABB ignores bad_trial_indices),bad_trial_indices present in .mat (not tallied),,"[50, 50]","[50, 50]",0.5,0.5,0.0,no (class-stratified halves; cross-class order not in .mat),MNE-gigadb s??.mat + P12 manifest
Cho2017,2class_LR,23,single session,"[100, 100]","[100, 100]",none (MOABB ignores bad_trial_indices),bad_trial_indices present in .mat (not tallied),,"[50, 50]","[50, 50]",0.5,0.5,0.0,no (class-stratified halves; cross-class order not in .mat),MNE-gigadb s??.mat + P12 manifest
Cho2017,2class_LR,24,single session,"[100, 100]","[100, 100]",none (MOABB ignores bad_trial_indices),bad_trial_indices present in .mat (not tallied),,"[50, 50]","[50, 50]",0.5,0.5,0.0,no (class-stratified halves; cross-class order not in .mat),MNE-gigadb s??.mat + P12 manifest
Cho2017,2class_LR,25,single session,"[100, 100]","[100, 100]",none (MOABB ignores bad_trial_indices),bad_trial_indices present in .mat (not tallied),,"[50, 50]","[50, 50]",0.5,0.5,0.0,no (class-stratified halves; cross-class order not in .mat),MNE-gigadb s??.mat + P12 manifest
Cho2017,2class_LR,26,single session,"[100, 100]","[100, 100]",none (MOABB ignores bad_trial_indices),bad_trial_indices present in .mat (not tallied),,"[50, 50]","[50, 50]",0.5,0.5,0.0,no (class-stratified halves; cross-class order not in .mat),MNE-gigadb s??.mat + P12 manifest
Cho2017,2class_LR,27,single session,"[100, 100]","[100, 100]",none (MOABB ignores bad_trial_indices),bad_trial_indices present in .mat (not tallied),,"[50, 50]","[50, 50]",0.5,0.5,0.0,no (class-stratified halves; cross-class order not in .mat),MNE-gigadb s??.mat + P12 manifest
Cho2017,2class_LR,28,single session,"[100, 100]","[100, 100]",none (MOABB ignores bad_trial_indices),bad_trial_indices present in .mat (not tallied),,"[50, 50]","[50, 50]",0.5,0.5,0.0,no (class-stratified halves; cross-class order not in .mat),MNE-gigadb s??.mat + P12 manifest
Cho2017,2class_LR,29,single session,"[100, 100]","[100, 100]",none (MOABB ignores bad_trial_indices),bad_trial_indices present in .mat (not tallied),,"[50, 50]","[50, 50]",0.5,0.5,0.0,no (class-stratified halves; cross-class order not in .mat),MNE-gigadb s??.mat + P12 manifest
Cho2017,2class_LR,30,single session,"[100, 100]","[100, 100]",none (MOABB ignores bad_trial_indices),bad_trial_indices present in .mat (not tallied),,"[50, 50]","[50, 50]",0.5,0.5,0.0,no (class-stratified halves; cross-class order not in .mat),MNE-gigadb s??.mat + P12 manifest
Cho2017,2class_LR,31,single session,"[100, 100]","[100, 100]",none (MOABB ignores bad_trial_indices),bad_trial_indices present in .mat (not tallied),,"[50, 50]","[50, 50]",0.5,0.5,0.0,no (class-stratified halves; cross-class order not in .mat),MNE-gigadb s??.mat + P12 manifest
Cho2017,2class_LR,32,single session,"[100, 100]","[100, 100]",none (MOABB ignores bad_trial_indices),"bad_trial_idx_voltage=[0, 0] bad_trial_idx_mi=[0, 0]","[100, 100]","[50, 50]","[50, 50]",0.5,0.5,0.0,no (class-stratified halves; cross-class order not in .mat),MNE-gigadb s??.mat + P12 manifest
Cho2017,2class_LR,33,single session,"[100, 100]","[100, 100]",none (MOABB ignores bad_trial_indices),bad_trial_indices present in .mat (not tallied),,"[50, 50]","[50, 50]",0.5,0.5,0.0,no (class-stratified halves; cross-class order not in .mat),MNE-gigadb s??.mat + P12 manifest
Cho2017,2class_LR,34,single session,"[100, 100]","[100, 100]",none (MOABB ignores bad_trial_indices),bad_trial_indices present in .mat (not tallied),,"[50, 50]","[50, 50]",0.5,0.5,0.0,no (class-stratified halves; cross-class order not in .mat),MNE-gigadb s??.mat + P12 manifest
Cho2017,2class_LR,35,single session,"[100, 100]","[100, 100]",none (MOABB ignores bad_trial_indices),bad_trial_indices present in .mat (not tallied),,"[50, 50]","[50, 50]",0.5,0.5,0.0,no (class-stratified halves; cross-class order not in .mat),MNE-gigadb s??.mat + P12 manifest
Cho2017,2class_LR,36,single session,"[100, 100]","[100, 100]",none (MOABB ignores bad_trial_indices),bad_trial_indices present in .mat (not tallied),,"[50, 50]","[50, 50]",0.5,0.5,0.0,no (class-stratified halves; cross-class order not in .mat),MNE-gigadb s??.mat + P12 manifest
Cho2017,2class_LR,37,single session,"[100, 100]","[100, 100]",none (MOABB ignores bad_trial_indices),bad_trial_indices present in .mat (not tallied),,"[50, 50]","[50, 50]",0.5,0.5,0.0,no (class-stratified halves; cross-class order not in .mat),MNE-gigadb s??.mat + P12 manifest
Cho2017,2class_LR,38,single session,"[100, 100]","[100, 100]",none (MOABB ignores bad_trial_indices),bad_trial_indices present in .mat (not tallied),,"[50, 50]","[50, 50]",0.5,0.5,0.0,no (class-stratified halves; cross-class order not in .mat),MNE-gigadb s??.mat + P12 manifest
Cho2017,2class_LR,39,single session,"[100, 100]","[100, 100]",none (MOABB ignores bad_trial_indices),bad_trial_indices present in .mat (not tallied),,"[50, 50]","[50, 50]",0.5,0.5,0.0,no (class-stratified halves; cross-class order not in .mat),MNE-gigadb s??.mat + P12 manifest
Cho2017,2class_LR,40,single session,"[100, 100]","[100, 100]",none (MOABB ignores bad_trial_indices),bad_trial_indices present in .mat (not tallied),,"[50, 50]","[50, 50]",0.5,0.5,0.0,no (class-stratified halves; cross-class order not in .mat),MNE-gigadb s??.mat + P12 manifest
Cho2017,2class_LR,41,single session,"[100, 100]","[100, 100]",none (MOABB ignores bad_trial_indices),bad_trial_indices present in .mat (not tallied),,"[50, 50]","[50, 50]",0.5,0.5,0.0,no (class-stratified halves; cross-class order not in .mat),MNE-gigadb s??.mat + P12 manifest
Cho2017,2class_LR,42,single session,"[100, 100]","[100, 100]",none (MOABB ignores bad_trial_indices),bad_trial_indices present in .mat (not tallied),,"[50, 50]","[50, 50]",0.5,0.5,0.0,no (class-stratified halves; cross-class order not in .mat),MNE-gigadb s??.mat + P12 manifest
Cho2017,2class_LR,43,single session,"[100, 100]","[100, 100]",none (MOABB ignores bad_trial_indices),bad_trial_indices present in .mat (not tallied),,"[50, 50]","[50, 50]",0.5,0.5,0.0,no (class-stratified halves; cross-class order not in .mat),MNE-gigadb s??.mat + P12 manifest
Cho2017,2class_LR,44,single session,"[100, 100]","[100, 100]",none (MOABB ignores bad_trial_indices),bad_trial_indices present in .mat (not tallied),,"[50, 50]","[50, 50]",0.5,0.5,0.0,no (class-stratified halves; cross-class order not in .mat),MNE-gigadb s??.mat + P12 manifest
Cho2017,2class_LR,45,single session,"[100, 100]","[100, 100]",none (MOABB ignores bad_trial_indices),bad_trial_indices present in .mat (not tallied),,"[50, 50]","[50, 50]",0.5,0.5,0.0,no (class-stratified halves; cross-class order not in .mat),MNE-gigadb s??.mat + P12 manifest
Cho2017,2class_LR,46,single session,"[120, 120]","[120, 120]",none (MOABB ignores bad_trial_indices),"bad_trial_idx_voltage=[0, 0] bad_trial_idx_mi=[1, 0]","[119, 120]","[60, 60]","[60, 60]",0.5,0.5,0.0,no (class-stratified halves; cross-class order not in .mat),MNE-gigadb s??.mat + P12 manifest
Cho2017,2class_LR,47,single session,"[100, 100]","[100, 100]",none (MOABB ignores bad_trial_indices),bad_trial_indices present in .mat (not tallied),,"[50, 50]","[50, 50]",0.5,0.5,0.0,no (class-stratified halves; cross-class order not in .mat),MNE-gigadb s??.mat + P12 manifest
Cho2017,2class_LR,48,single session,"[100, 100]","[100, 100]",none (MOABB ignores bad_trial_indices),bad_trial_indices present in .mat (not tallied),,"[50, 50]","[50, 50]",0.5,0.5,0.0,no (class-stratified halves; cross-class order not in .mat),MNE-gigadb s??.mat + P12 manifest
Cho2017,2class_LR,49,single session,"[100, 100]","[100, 100]",none (MOABB ignores bad_trial_indices),"bad_trial_idx_voltage=[0, 0] bad_trial_idx_mi=[8, 0]","[92, 100]","[50, 50]","[50, 50]",0.5,0.5,0.0,no (class-stratified halves; cross-class order not in .mat),MNE-gigadb s??.mat + P12 manifest
Cho2017,2class_LR,50,single session,"[100, 100]","[100, 100]",none (MOABB ignores bad_trial_indices),bad_trial_indices present in .mat (not tallied),,"[50, 50]","[50, 50]",0.5,0.5,0.0,no (class-stratified halves; cross-class order not in .mat),MNE-gigadb s??.mat + P12 manifest
Cho2017,2class_LR,51,single session,"[100, 100]","[100, 100]",none (MOABB ignores bad_trial_indices),bad_trial_indices present in .mat (not tallied),,"[50, 50]","[50, 50]",0.5,0.5,0.0,no (class-stratified halves; cross-class order not in .mat),MNE-gigadb s??.mat + P12 manifest
Cho2017,2class_LR,52,single session,"[100, 100]","[100, 100]",none (MOABB ignores bad_trial_indices),bad_trial_indices present in .mat (not tallied),,"[50, 50]","[50, 50]",0.5,0.5,0.0,no (class-stratified halves; cross-class order not in .mat),MNE-gigadb s??.mat + P12 manifest
Lee2019_MI,2class_LR,1,session0 offline(train) phase,"[50, 50]","[50, 50]","none; MOABB drops online(test) phase [50,50] per session",none in data,,"[25, 25]","[25, 25]",0.5,0.5,0.0,no (class-stratified halves of one 100-trial run; ~19% of E precede last A),Lee .mat + P12 manifest
Lee2019_MI,2class_LR,2,session0 offline(train) phase,"[50, 50]","[50, 50]","none; MOABB drops online(test) phase [50,50] per session",none in data,,"[25, 25]","[25, 25]",0.5,0.5,0.0,no (class-stratified halves of one 100-trial run; ~19% of E precede last A),Lee .mat + P12 manifest
Lee2019_MI,2class_LR,3,session0 offline(train) phase,"[50, 50]","[50, 50]","none; MOABB drops online(test) phase [50,50] per session",none in data,,"[25, 25]","[25, 25]",0.5,0.5,0.0,no (class-stratified halves of one 100-trial run; ~19% of E precede last A),Lee .mat + P12 manifest
Lee2019_MI,2class_LR,4,session0 offline(train) phase,"[50, 50]","[50, 50]","none; MOABB drops online(test) phase [50,50] per session",none in data,,"[25, 25]","[25, 25]",0.5,0.5,0.0,no (class-stratified halves of one 100-trial run; ~19% of E precede last A),Lee .mat + P12 manifest
Lee2019_MI,2class_LR,5,session0 offline(train) phase,"[50, 50]","[50, 50]","none; MOABB drops online(test) phase [50,50] per session",none in data,,"[25, 25]","[25, 25]",0.5,0.5,0.0,no (class-stratified halves of one 100-trial run; ~19% of E precede last A),Lee .mat + P12 manifest
Lee2019_MI,2class_LR,6,session0 offline(train) phase,"[50, 50]","[50, 50]","none; MOABB drops online(test) phase [50,50] per session",none in data,,"[25, 25]","[25, 25]",0.5,0.5,0.0,no (class-stratified halves of one 100-trial run; ~19% of E precede last A),Lee .mat + P12 manifest
Lee2019_MI,2class_LR,7,session0 offline(train) phase,"[50, 50]","[50, 50]","none; MOABB drops online(test) phase [50,50] per session",none in data,,"[25, 25]","[25, 25]",0.5,0.5,0.0,no (class-stratified halves of one 100-trial run; ~19% of E precede last A),Lee .mat + P12 manifest
Lee2019_MI,2class_LR,8,session0 offline(train) phase,"[50, 50]","[50, 50]","none; MOABB drops online(test) phase [50,50] per session",none in data,,"[25, 25]","[25, 25]",0.5,0.5,0.0,no (class-stratified halves of one 100-trial run; ~19% of E precede last A),Lee .mat + P12 manifest
Lee2019_MI,2class_LR,9,session0 offline(train) phase,"[50, 50]","[50, 50]","none; MOABB drops online(test) phase [50,50] per session",none in data,,"[25, 25]","[25, 25]",0.5,0.5,0.0,no (class-stratified halves of one 100-trial run; ~19% of E precede last A),Lee .mat + P12 manifest
Lee2019_MI,2class_LR,10,session0 offline(train) phase,"[50, 50]","[50, 50]","none; MOABB drops online(test) phase [50,50] per session",none in data,,"[25, 25]","[25, 25]",0.5,0.5,0.0,no (class-stratified halves of one 100-trial run; ~19% of E precede last A),Lee .mat + P12 manifest
Lee2019_MI,2class_LR,11,session0 offline(train) phase,"[50, 50]","[50, 50]","none; MOABB drops online(test) phase [50,50] per session",none in data,,"[25, 25]","[25, 25]",0.5,0.5,0.0,no (class-stratified halves of one 100-trial run; ~19% of E precede last A),Lee .mat + P12 manifest
Lee2019_MI,2class_LR,12,session0 offline(train) phase,"[50, 50]","[50, 50]","none; MOABB drops online(test) phase [50,50] per session",none in data,,"[25, 25]","[25, 25]",0.5,0.5,0.0,no (class-stratified halves of one 100-trial run; ~19% of E precede last A),Lee .mat + P12 manifest
Lee2019_MI,2class_LR,13,session0 offline(train) phase,"[50, 50]","[50, 50]","none; MOABB drops online(test) phase [50,50] per session",none in data,,"[25, 25]","[25, 25]",0.5,0.5,0.0,no (class-stratified halves of one 100-trial run; ~19% of E precede last A),Lee .mat + P12 manifest
Lee2019_MI,2class_LR,14,session0 offline(train) phase,"[50, 50]","[50, 50]","none; MOABB drops online(test) phase [50,50] per session",none in data,,"[25, 25]","[25, 25]",0.5,0.5,0.0,no (class-stratified halves of one 100-trial run; ~19% of E precede last A),Lee .mat + P12 manifest
Lee2019_MI,2class_LR,15,session0 offline(train) phase,"[50, 50]","[50, 50]","none; MOABB drops online(test) phase [50,50] per session",none in data,,"[25, 25]","[25, 25]",0.5,0.5,0.0,no (class-stratified halves of one 100-trial run; ~19% of E precede last A),Lee .mat + P12 manifest
Lee2019_MI,2class_LR,16,session0 offline(train) phase,"[50, 50]","[50, 50]","none; MOABB drops online(test) phase [50,50] per session",none in data,,"[25, 25]","[25, 25]",0.5,0.5,0.0,no (class-stratified halves of one 100-trial run; ~19% of E precede last A),Lee .mat + P12 manifest
Lee2019_MI,2class_LR,17,session0 offline(train) phase,"[50, 50]","[50, 50]","none; MOABB drops online(test) phase [50,50] per session",none in data,,"[25, 25]","[25, 25]",0.5,0.5,0.0,no (class-stratified halves of one 100-trial run; ~19% of E precede last A),Lee .mat + P12 manifest
Lee2019_MI,2class_LR,18,session0 offline(train) phase,"[50, 50]","[50, 50]","none; MOABB drops online(test) phase [50,50] per session",none in data,,"[25, 25]","[25, 25]",0.5,0.5,0.0,no (class-stratified halves of one 100-trial run; ~19% of E precede last A),Lee .mat + P12 manifest
Lee2019_MI,2class_LR,19,session0 offline(train) phase,"[50, 50]","[50, 50]","none; MOABB drops online(test) phase [50,50] per session",none in data,,"[25, 25]","[25, 25]",0.5,0.5,0.0,no (class-stratified halves of one 100-trial run; ~19% of E precede last A),Lee .mat + P12 manifest
Lee2019_MI,2class_LR,20,session0 offline(train) phase,"[50, 50]","[50, 50]","none; MOABB drops online(test) phase [50,50] per session",none in data,,"[25, 25]","[25, 25]",0.5,0.5,0.0,no (class-stratified halves of one 100-trial run; ~19% of E precede last A),Lee .mat + P12 manifest
Lee2019_MI,2class_LR,21,session0 offline(train) phase,"[50, 50]","[50, 50]","none; MOABB drops online(test) phase [50,50] per session",none in data,,"[25, 25]","[25, 25]",0.5,0.5,0.0,no (class-stratified halves of one 100-trial run; ~19% of E precede last A),Lee .mat + P12 manifest
Lee2019_MI,2class_LR,22,session0 offline(train) phase,"[50, 50]","[50, 50]","none; MOABB drops online(test) phase [50,50] per session",none in data,,"[25, 25]","[25, 25]",0.5,0.5,0.0,no (class-stratified halves of one 100-trial run; ~19% of E precede last A),Lee .mat + P12 manifest
Lee2019_MI,2class_LR,23,session0 offline(train) phase,"[50, 50]","[50, 50]","none; MOABB drops online(test) phase [50,50] per session",none in data,,"[25, 25]","[25, 25]",0.5,0.5,0.0,no (class-stratified halves of one 100-trial run; ~19% of E precede last A),Lee .mat + P12 manifest
Lee2019_MI,2class_LR,24,session0 offline(train) phase,"[50, 50]","[50, 50]","none; MOABB drops online(test) phase [50,50] per session",none in data,,"[25, 25]","[25, 25]",0.5,0.5,0.0,no (class-stratified halves of one 100-trial run; ~19% of E precede last A),Lee .mat + P12 manifest
Lee2019_MI,2class_LR,25,session0 offline(train) phase,"[50, 50]","[50, 50]","none; MOABB drops online(test) phase [50,50] per session",none in data,,"[25, 25]","[25, 25]",0.5,0.5,0.0,no (class-stratified halves of one 100-trial run; ~19% of E precede last A),Lee .mat + P12 manifest
Lee2019_MI,2class_LR,26,session0 offline(train) phase,"[50, 50]","[50, 50]","none; MOABB drops online(test) phase [50,50] per session",none in data,,"[25, 25]","[25, 25]",0.5,0.5,0.0,no (class-stratified halves of one 100-trial run; ~19% of E precede last A),Lee .mat + P12 manifest
Lee2019_MI,2class_LR,27,session0 offline(train) phase,"[50, 50]","[50, 50]","none; MOABB drops online(test) phase [50,50] per session",none in data,,"[25, 25]","[25, 25]",0.5,0.5,0.0,no (class-stratified halves of one 100-trial run; ~19% of E precede last A),Lee .mat + P12 manifest
Lee2019_MI,2class_LR,28,session0 offline(train) phase,"[50, 50]","[50, 50]","none; MOABB drops online(test) phase [50,50] per session",none in data,,"[25, 25]","[25, 25]",0.5,0.5,0.0,no (class-stratified halves of one 100-trial run; ~19% of E precede last A),Lee .mat + P12 manifest
Lee2019_MI,2class_LR,29,session0 offline(train) phase,"[50, 50]","[50, 50]","none; MOABB drops online(test) phase [50,50] per session",none in data,,"[25, 25]","[25, 25]",0.5,0.5,0.0,no (class-stratified halves of one 100-trial run; ~19% of E precede last A),Lee .mat + P12 manifest
Lee2019_MI,2class_LR,30,session0 offline(train) phase,"[50, 50]","[50, 50]","none; MOABB drops online(test) phase [50,50] per session",none in data,,"[25, 25]","[25, 25]",0.5,0.5,0.0,no (class-stratified halves of one 100-trial run; ~19% of E precede last A),Lee .mat + P12 manifest
Lee2019_MI,2class_LR,31,session0 offline(train) phase,"[50, 50]","[50, 50]","none; MOABB drops online(test) phase [50,50] per session",none in data,,"[25, 25]","[25, 25]",0.5,0.5,0.0,no (class-stratified halves of one 100-trial run; ~19% of E precede last A),Lee .mat + P12 manifest
Lee2019_MI,2class_LR,32,session0 offline(train) phase,"[50, 50]","[50, 50]","none; MOABB drops online(test) phase [50,50] per session",none in data,,"[25, 25]","[25, 25]",0.5,0.5,0.0,no (class-stratified halves of one 100-trial run; ~19% of E precede last A),Lee .mat + P12 manifest
Lee2019_MI,2class_LR,33,session0 offline(train) phase,"[50, 50]","[50, 50]","none; MOABB drops online(test) phase [50,50] per session",none in data,,"[25, 25]","[25, 25]",0.5,0.5,0.0,no (class-stratified halves of one 100-trial run; ~19% of E precede last A),Lee .mat + P12 manifest
Lee2019_MI,2class_LR,34,session0 offline(train) phase,"[50, 50]","[50, 50]","none; MOABB drops online(test) phase [50,50] per session",none in data,,"[25, 25]","[25, 25]",0.5,0.5,0.0,no (class-stratified halves of one 100-trial run; ~19% of E precede last A),Lee .mat + P12 manifest
Lee2019_MI,2class_LR,35,session0 offline(train) phase,"[50, 50]","[50, 50]","none; MOABB drops online(test) phase [50,50] per session",none in data,,"[25, 25]","[25, 25]",0.5,0.5,0.0,no (class-stratified halves of one 100-trial run; ~19% of E precede last A),Lee .mat + P12 manifest
Lee2019_MI,2class_LR,36,session0 offline(train) phase,"[50, 50]","[50, 50]","none; MOABB drops online(test) phase [50,50] per session",none in data,,"[25, 25]","[25, 25]",0.5,0.5,0.0,no (class-stratified halves of one 100-trial run; ~19% of E precede last A),Lee .mat + P12 manifest
Lee2019_MI,2class_LR,37,session0 offline(train) phase,"[50, 50]","[50, 50]","none; MOABB drops online(test) phase [50,50] per session",none in data,,"[25, 25]","[25, 25]",0.5,0.5,0.0,no (class-stratified halves of one 100-trial run; ~19% of E precede last A),Lee .mat + P12 manifest
Lee2019_MI,2class_LR,38,session0 offline(train) phase,"[50, 50]","[50, 50]","none; MOABB drops online(test) phase [50,50] per session",none in data,,"[25, 25]","[25, 25]",0.5,0.5,0.0,no (class-stratified halves of one 100-trial run; ~19% of E precede last A),Lee .mat + P12 manifest
Lee2019_MI,2class_LR,39,session0 offline(train) phase,"[50, 50]","[50, 50]","none; MOABB drops online(test) phase [50,50] per session",none in data,,"[25, 25]","[25, 25]",0.5,0.5,0.0,no (class-stratified halves of one 100-trial run; ~19% of E precede last A),Lee .mat + P12 manifest
Lee2019_MI,2class_LR,40,session0 offline(train) phase,"[50, 50]","[50, 50]","none; MOABB drops online(test) phase [50,50] per session",none in data,,"[25, 25]","[25, 25]",0.5,0.5,0.0,no (class-stratified halves of one 100-trial run; ~19% of E precede last A),Lee .mat + P12 manifest
Lee2019_MI,2class_LR,41,session0 offline(train) phase,"[50, 50]","[50, 50]","none; MOABB drops online(test) phase [50,50] per session",none in data,,"[25, 25]","[25, 25]",0.5,0.5,0.0,no (class-stratified halves of one 100-trial run; ~19% of E precede last A),Lee .mat + P12 manifest
Lee2019_MI,2class_LR,42,session0 offline(train) phase,"[50, 50]","[50, 50]","none; MOABB drops online(test) phase [50,50] per session",none in data,,"[25, 25]","[25, 25]",0.5,0.5,0.0,no (class-stratified halves of one 100-trial run; ~19% of E precede last A),Lee .mat + P12 manifest
Lee2019_MI,2class_LR,43,session0 offline(train) phase,"[50, 50]","[50, 50]","none; MOABB drops online(test) phase [50,50] per session",none in data,,"[25, 25]","[25, 25]",0.5,0.5,0.0,no (class-stratified halves of one 100-trial run; ~19% of E precede last A),Lee .mat + P12 manifest
Lee2019_MI,2class_LR,44,session0 offline(train) phase,"[50, 50]","[50, 50]","none; MOABB drops online(test) phase [50,50] per session",none in data,,"[25, 25]","[25, 25]",0.5,0.5,0.0,no (class-stratified halves of one 100-trial run; ~19% of E precede last A),Lee .mat + P12 manifest
Lee2019_MI,2class_LR,45,session0 offline(train) phase,"[50, 50]","[50, 50]","none; MOABB drops online(test) phase [50,50] per session",none in data,,"[25, 25]","[25, 25]",0.5,0.5,0.0,no (class-stratified halves of one 100-trial run; ~19% of E precede last A),Lee .mat + P12 manifest
Lee2019_MI,2class_LR,46,session0 offline(train) phase,"[50, 50]","[50, 50]","none; MOABB drops online(test) phase [50,50] per session",none in data,,"[25, 25]","[25, 25]",0.5,0.5,0.0,no (class-stratified halves of one 100-trial run; ~19% of E precede last A),Lee .mat + P12 manifest
Lee2019_MI,2class_LR,47,session0 offline(train) phase,"[50, 50]","[50, 50]","none; MOABB drops online(test) phase [50,50] per session",none in data,,"[25, 25]","[25, 25]",0.5,0.5,0.0,no (class-stratified halves of one 100-trial run; ~19% of E precede last A),Lee .mat + P12 manifest
Lee2019_MI,2class_LR,48,session0 offline(train) phase,"[50, 50]","[50, 50]","none; MOABB drops online(test) phase [50,50] per session",none in data,,"[25, 25]","[25, 25]",0.5,0.5,0.0,no (class-stratified halves of one 100-trial run; ~19% of E precede last A),Lee .mat + P12 manifest
Lee2019_MI,2class_LR,49,session0 offline(train) phase,"[50, 50]","[50, 50]","none; MOABB drops online(test) phase [50,50] per session",none in data,,"[25, 25]","[25, 25]",0.5,0.5,0.0,no (class-stratified halves of one 100-trial run; ~19% of E precede last A),Lee .mat + P12 manifest
Lee2019_MI,2class_LR,50,session0 offline(train) phase,"[50, 50]","[50, 50]","none; MOABB drops online(test) phase [50,50] per session",none in data,,"[25, 25]","[25, 25]",0.5,0.5,0.0,no (class-stratified halves of one 100-trial run; ~19% of E precede last A),Lee .mat + P12 manifest
Lee2019_MI,2class_LR,51,session0 offline(train) phase,"[50, 50]","[50, 50]","none; MOABB drops online(test) phase [50,50] per session",none in data,,"[25, 25]","[25, 25]",0.5,0.5,0.0,no (class-stratified halves of one 100-trial run; ~19% of E precede last A),Lee .mat + P12 manifest
Lee2019_MI,2class_LR,52,session0 offline(train) phase,"[50, 50]","[50, 50]","none; MOABB drops online(test) phase [50,50] per session",none in data,,"[25, 25]","[25, 25]",0.5,0.5,0.0,no (class-stratified halves of one 100-trial run; ~19% of E precede last A),Lee .mat + P12 manifest
Lee2019_MI,2class_LR,53,session0 offline(train) phase,"[50, 50]","[50, 50]","none; MOABB drops online(test) phase [50,50] per session",none in data,,"[25, 25]","[25, 25]",0.5,0.5,0.0,no (class-stratified halves of one 100-trial run; ~19% of E precede last A),Lee .mat + P12 manifest
Lee2019_MI,2class_LR,54,session0 offline(train) phase,"[50, 50]","[50, 50]","none; MOABB drops online(test) phase [50,50] per session",none in data,,"[25, 25]","[25, 25]",0.5,0.5,0.0,no (class-stratified halves of one 100-trial run; ~19% of E precede last A),Lee .mat + P12 manifest
SleepEDF_SC,5class,0,"A=night1,E=night2",no quota (natural),"A=[188, 58, 250, 220, 125] E=[183, 59, 373, 297, 215]","drop Movement/Sleep stage ?; crop to [first non-W -30min, last non-W +30min] using HYPNOGRAM (label-informed)",night1 mov=0 unscored=230 wake_trimmed=1809; night2 mov=1 unscored=50 wake_trimmed=1702,,"[188, 58, 250, 220, 125]","[183, 59, 373, 297, 215]","[0.224, 0.069, 0.297, 0.262, 0.149]","[0.162, 0.052, 0.331, 0.264, 0.191]",0.078,yes (night1 then night2),p0_sleep_cache subjNN.npz + hypnogram EDF
SleepEDF_SC,5class,1,"A=night1,E=night2",no quota (natural),"A=[157, 109, 562, 105, 170] E=[162, 92, 660, 96, 176]","drop Movement/Sleep stage ?; crop to [first non-W -30min, last non-W +30min] using HYPNOGRAM (label-informed)",night1 mov=0 unscored=78 wake_trimmed=1699; night2 mov=0 unscored=32 wake_trimmed=1662,,"[157, 109, 562, 105, 170]","[162, 92, 660, 96, 176]","[0.142, 0.099, 0.51, 0.095, 0.154]","[0.137, 0.078, 0.556, 0.081, 0.148]",0.047,yes (night1 then night2),p0_sleep_cache subjNN.npz + hypnogram EDF
SleepEDF_SC,5class,2,"A=night1,E=night2",no quota (natural),"A=[128, 94, 545, 95, 163] E=[125, 184, 402, 119, 179]","drop Movement/Sleep stage ?; crop to [first non-W -30min, last non-W +30min] using HYPNOGRAM (label-informed)",night1 mov=0 unscored=76 wake_trimmed=1779; night2 mov=1 unscored=124 wake_trimmed=1746,,"[128, 94, 545, 95, 163]","[125, 184, 402, 119, 179]","[0.125, 0.092, 0.532, 0.093, 0.159]","[0.124, 0.182, 0.398, 0.118, 0.177]",0.134,yes (night1 then night2),p0_sleep_cache subjNN.npz + hypnogram EDF
SleepEDF_SC,5class,3,"A=night1,E=night2",no quota (natural),"A=[140, 61, 485, 57, 209] E=[136, 45, 400, 131, 199]","drop Movement/Sleep stage ?; crop to [first non-W -30min, last non-W +30min] using HYPNOGRAM (label-informed)",night1 mov=0 unscored=60 wake_trimmed=1868; night2 mov=0 unscored=148 wake_trimmed=1821,,"[140, 61, 485, 57, 209]","[136, 45, 400, 131, 199]","[0.147, 0.064, 0.509, 0.06, 0.22]","[0.149, 0.049, 0.439, 0.144, 0.218]",0.086,yes (night1 then night2),p0_sleep_cache subjNN.npz + hypnogram EDF
SleepEDF_SC,5class,4,"A=night1,E=night2",no quota (natural),"A=[200, 166, 620, 53, 196] E=[185, 137, 514, 94, 270]","drop Movement/Sleep stage ?; crop to [first non-W -30min, last non-W +30min] using HYPNOGRAM (label-informed)",night1 mov=1 unscored=310 wake_trimmed=1334; night2 mov=4 unscored=88 wake_trimmed=1588,,"[200, 166, 620, 53, 196]","[185, 137, 514, 94, 270]","[0.162, 0.134, 0.502, 0.043, 0.159]","[0.154, 0.114, 0.428, 0.078, 0.225]",0.102,yes (night1 then night2),p0_sleep_cache subjNN.npz + hypnogram EDF
SleepEDF_SC,5class,5,"A=night1,E=night2",no quota (natural),"A=[208, 44, 217, 135, 68] E=[222, 114, 616, 114, 180]","drop Movement/Sleep stage ?; crop to [first non-W -30min, last non-W +30min] using HYPNOGRAM (label-informed)",night1 mov=0 unscored=158 wake_trimmed=2050; night2 mov=2 unscored=74 wake_trimmed=1558,,"[208, 44, 217, 135, 68]","[222, 114, 616, 114, 180]","[0.31, 0.065, 0.323, 0.201, 0.101]","[0.178, 0.091, 0.494, 0.091, 0.144]",0.241,yes (night1 then night2),p0_sleep_cache subjNN.npz + hypnogram EDF
SleepEDF_SC,5class,6,"A=night1,E=night2",no quota (natural),"A=[142, 56, 407, 136, 102] E=[193, 90, 417, 129, 187]","drop Movement/Sleep stage ?; crop to [first non-W -30min, last non-W +30min] using HYPNOGRAM (label-informed)",night1 mov=0 unscored=110 wake_trimmed=1927; night2 mov=0 unscored=50 wake_trimmed=1814,,"[142, 56, 407, 136, 102]","[193, 90, 417, 129, 187]","[0.168, 0.066, 0.483, 0.161, 0.121]","[0.19, 0.089, 0.41, 0.127, 0.184]",0.107,yes (night1 then night2),p0_sleep_cache subjNN.npz + hypnogram EDF
SleepEDF_SC,5class,7,"A=night1,E=night2",no quota (natural),"A=[124, 89, 403, 162, 198] E=[407, 84, 392, 222, 168]","drop Movement/Sleep stage ?; crop to [first non-W -30min, last non-W +30min] using HYPNOGRAM (label-informed)",night1 mov=0 unscored=70 wake_trimmed=1834; night2 mov=0 unscored=110 wake_trimmed=1497,,"[124, 89, 403, 162, 198]","[407, 84, 392, 222, 168]","[0.127, 0.091, 0.413, 0.166, 0.203]","[0.32, 0.066, 0.308, 0.174, 0.132]",0.201,yes (night1 then night2),p0_sleep_cache subjNN.npz + hypnogram EDF
SleepEDF_SC,5class,8,"A=night1,E=night2",no quota (natural),"A=[323, 68, 262, 350, 131] E=[144, 39, 329, 282, 260]","drop Movement/Sleep stage ?; crop to [first non-W -30min, last non-W +30min] using HYPNOGRAM (label-informed)",night1 mov=0 unscored=84 wake_trimmed=1662; night2 mov=0 unscored=246 wake_trimmed=1580,,"[323, 68, 262, 350, 131]","[144, 39, 329, 282, 260]","[0.285, 0.06, 0.231, 0.309, 0.116]","[0.137, 0.037, 0.312, 0.268, 0.247]",0.212,yes (night1 then night2),p0_sleep_cache subjNN.npz + hypnogram EDF
SleepEDF_SC,5class,9,"A=night1,E=night2",no quota (natural),"A=[150, 19, 561, 170, 232] E=[140, 81, 512, 107, 265]","drop Movement/Sleep stage ?; crop to [first non-W -30min, last non-W +30min] using HYPNOGRAM (label-informed)",night1 mov=11 unscored=148 wake_trimmed=1589; night2 mov=12 unscored=824 wake_trimmed=939,,"[150, 19, 561, 170, 232]","[140, 81, 512, 107, 265]","[0.133, 0.017, 0.496, 0.15, 0.205]","[0.127, 0.073, 0.463, 0.097, 0.24]",0.091,yes (night1 then night2),p0_sleep_cache subjNN.npz + hypnogram EDF
SleepEDF_SC,5class,10,"A=night1,E=night2",no quota (natural),"A=[155, 65, 671, 6, 207] E=[144, 117, 607, 25, 199]","drop Movement/Sleep stage ?; crop to [first non-W -30min, last non-W +30min] using HYPNOGRAM (label-informed)",night1 mov=1 unscored=160 wake_trimmed=1615; night2 mov=1 unscored=22 wake_trimmed=1765,,"[155, 65, 671, 6, 207]","[144, 117, 607, 25, 199]","[0.14, 0.059, 0.608, 0.005, 0.188]","[0.132, 0.107, 0.556, 0.023, 0.182]",0.066,yes (night1 then night2),p0_sleep_cache subjNN.npz + hypnogram EDF
SleepEDF_SC,5class,11,"A=night1,E=night2",no quota (natural),"A=[126, 13, 502, 129, 158] E=[126, 18, 396, 111, 151]","drop Movement/Sleep stage ?; crop to [first non-W -30min, last non-W +30min] using HYPNOGRAM (label-informed)",night1 mov=1 unscored=238 wake_trimmed=1713; night2 mov=0 unscored=100 wake_trimmed=1978,,"[126, 13, 502, 129, 158]","[126, 18, 396, 111, 151]","[0.136, 0.014, 0.541, 0.139, 0.17]","[0.157, 0.022, 0.494, 0.138, 0.188]",0.048,yes (night1 then night2),p0_sleep_cache subjNN.npz + hypnogram EDF
SleepEDF_SC,5class,12,"A=night1,E=night2",no quota (natural),"A=[176, 48, 463, 107, 258] E=[290, 121, 287, 80, 199]","drop Movement/Sleep stage ?; crop to [first non-W -30min, last non-W +30min] using HYPNOGRAM (label-informed)",night1 mov=0 unscored=195 wake_trimmed=1633; night2 mov=0 unscored=274 wake_trimmed=1629,,"[176, 48, 463, 107, 258]","[290, 121, 287, 80, 199]","[0.167, 0.046, 0.44, 0.102, 0.245]","[0.297, 0.124, 0.294, 0.082, 0.204]",0.208,yes (night1 then night2),p0_sleep_cache subjNN.npz + hypnogram EDF
SleepEDF_SC,5class,14,"A=night1,E=night2",no quota (natural),"A=[187, 29, 404, 151, 233] E=[181, 27, 386, 145, 213]","drop Movement/Sleep stage ?; crop to [first non-W -30min, last non-W +30min] using HYPNOGRAM (label-informed)",night1 mov=0 unscored=124 wake_trimmed=1752; night2 mov=0 unscored=106 wake_trimmed=1822,,"[187, 29, 404, 151, 233]","[181, 27, 386, 145, 213]","[0.186, 0.029, 0.402, 0.15, 0.232]","[0.19, 0.028, 0.405, 0.152, 0.224]",0.009,yes (night1 then night2),p0_sleep_cache subjNN.npz + hypnogram EDF
SleepEDF_SC,5class,15,"A=night1,E=night2",no quota (natural),"A=[172, 41, 354, 177, 208] E=[807, 47, 438, 178, 292]","drop Movement/Sleep stage ?; crop to [first non-W -30min, last non-W +30min] using HYPNOGRAM (label-informed)",night1 mov=4 unscored=260 wake_trimmed=1664; night2 mov=5 unscored=16 wake_trimmed=1097,,"[172, 41, 354, 177, 208]","[807, 47, 438, 178, 292]","[0.181, 0.043, 0.372, 0.186, 0.218]","[0.458, 0.027, 0.249, 0.101, 0.166]",0.277,yes (night1 then night2),p0_sleep_cache subjNN.npz + hypnogram EDF
SleepEDF_SC,5class,16,"A=night1,E=night2",no quota (natural),"A=[216, 55, 448, 165, 260] E=[179, 42, 459, 128, 195]","drop Movement/Sleep stage ?; crop to [first non-W -30min, last non-W +30min] using HYPNOGRAM (label-informed)",night1 mov=5 unscored=254 wake_trimmed=1477; night2 mov=2 unscored=128 wake_trimmed=1747,,"[216, 55, 448, 165, 260]","[179, 42, 459, 128, 195]","[0.189, 0.048, 0.392, 0.144, 0.227]","[0.178, 0.042, 0.458, 0.128, 0.194]",0.066,yes (night1 then night2),p0_sleep_cache subjNN.npz + hypnogram EDF
SleepEDF_SC,5class,17,"A=night1,E=night2",no quota (natural),"A=[176, 21, 328, 215, 262] E=[689, 44, 687, 188, 165]","drop Movement/Sleep stage ?; crop to [first non-W -30min, last non-W +30min] using HYPNOGRAM (label-informed)",night1 mov=1 unscored=138 wake_trimmed=1739; night2 mov=4 unscored=156 wake_trimmed=947,,"[176, 21, 328, 215, 262]","[689, 44, 687, 188, 165]","[0.176, 0.021, 0.327, 0.215, 0.261]","[0.389, 0.025, 0.387, 0.106, 0.093]",0.277,yes (night1 then night2),p0_sleep_cache subjNN.npz + hypnogram EDF
SleepEDF_SC,5class,18,"A=night1,E=night2",no quota (natural),"A=[138, 29, 388, 291, 118] E=[147, 151, 290, 216, 116]","drop Movement/Sleep stage ?; crop to [first non-W -30min, last non-W +30min] using HYPNOGRAM (label-informed)",night1 mov=0 unscored=124 wake_trimmed=1792; night2 mov=0 unscored=38 wake_trimmed=1922,,"[138, 29, 388, 291, 118]","[147, 151, 290, 216, 116]","[0.143, 0.03, 0.402, 0.302, 0.122]","[0.16, 0.164, 0.315, 0.235, 0.126]",0.154,yes (night1 then night2),p0_sleep_cache subjNN.npz + hypnogram EDF
SleepEDF_SC,5class,19,"A=night1,E=night2",no quota (natural),"A=[188, 118, 833, 110, 286] E=[376, 72, 434, 60, 332]","drop Movement/Sleep stage ?; crop to [first non-W -30min, last non-W +30min] using HYPNOGRAM (label-informed)",night1 mov=0 unscored=106 wake_trimmed=1239; night2 mov=5 unscored=270 wake_trimmed=1331,,"[188, 118, 833, 110, 286]","[376, 72, 434, 60, 332]","[0.122, 0.077, 0.543, 0.072, 0.186]","[0.295, 0.057, 0.341, 0.047, 0.261]",0.247,yes (night1 then night2),p0_sleep_cache subjNN.npz + hypnogram EDF
SleepEDF_SC,5class,20,"A=night1,E=night2",no quota (natural),"A=[263, 39, 539, 4, 177] E=[215, 120, 479, 0, 207]","drop Movement/Sleep stage ?; crop to [first non-W -30min, last non-W +30min] using HYPNOGRAM (label-informed)",night1 mov=1 unscored=76 wake_trimmed=1781; night2 mov=0 unscored=210 wake_trimmed=1649,,"[263, 39, 539, 4, 177]","[215, 120, 479, 0, 207]","[0.257, 0.038, 0.527, 0.004, 0.173]","[0.211, 0.118, 0.469, 0.0, 0.203]",0.109,yes (night1 then night2),p0_sleep_cache subjNN.npz + hypnogram EDF
SleepEDF_SC,5class,21,"A=night1,E=night2",no quota (natural),"A=[745, 106, 527, 49, 151] E=[189, 87, 402, 43, 87]","drop Movement/Sleep stage ?; crop to [first non-W -30min, last non-W +30min] using HYPNOGRAM (label-informed)",night1 mov=5 unscored=70 wake_trimmed=1227; night2 mov=0 unscored=186 wake_trimmed=1886,,"[745, 106, 527, 49, 151]","[189, 87, 402, 43, 87]","[0.472, 0.067, 0.334, 0.031, 0.096]","[0.234, 0.108, 0.498, 0.053, 0.108]",0.238,yes (night1 then night2),p0_sleep_cache subjNN.npz + hypnogram EDF
SleepEDF_SC,5class,22,"A=night1,E=night2",no quota (natural),"A=[173, 221, 461, 62, 182] E=[167, 90, 497, 134, 220]","drop Movement/Sleep stage ?; crop to [first non-W -30min, last non-W +30min] using HYPNOGRAM (label-informed)",night1 mov=0 unscored=180 wake_trimmed=1601; night2 mov=0 unscored=120 wake_trimmed=1652,,"[173, 221, 461, 62, 182]","[167, 90, 497, 134, 220]","[0.157, 0.201, 0.419, 0.056, 0.166]","[0.151, 0.081, 0.449, 0.121, 0.199]",0.127,yes (night1 then night2),p0_sleep_cache subjNN.npz + hypnogram EDF
SleepEDF_SC,5class,23,"A=night1,E=night2",no quota (natural),"A=[127, 139, 414, 12, 212] E=[916, 382, 213, 1, 217]","drop Movement/Sleep stage ?; crop to [first non-W -30min, last non-W +30min] using HYPNOGRAM (label-informed)",night1 mov=3 unscored=134 wake_trimmed=1839; night2 mov=5 unscored=240 wake_trimmed=906,,"[127, 139, 414, 12, 212]","[916, 382, 213, 1, 217]","[0.14, 0.154, 0.458, 0.013, 0.235]","[0.53, 0.221, 0.123, 0.001, 0.126]",0.456,yes (night1 then night2),p0_sleep_cache subjNN.npz + hypnogram EDF
SleepEDF_SC,5class,24,"A=night1,E=night2",no quota (natural),"A=[846, 85, 514, 44, 184] E=[944, 94, 556, 5, 176]","drop Movement/Sleep stage ?; crop to [first non-W -30min, last non-W +30min] using HYPNOGRAM (label-informed)",night1 mov=2 unscored=178 wake_trimmed=1027; night2 mov=0 unscored=170 wake_trimmed=935,,"[846, 85, 514, 44, 184]","[944, 94, 556, 5, 176]","[0.506, 0.051, 0.307, 0.026, 0.11]","[0.532, 0.053, 0.313, 0.003, 0.099]",0.034,yes (night1 then night2),p0_sleep_cache subjNN.npz + hypnogram EDF
SleepEDF_SC,5class,25,"A=night1,E=night2",no quota (natural),"A=[133, 102, 569, 22, 146] E=[210, 113, 425, 98, 174]","drop Movement/Sleep stage ?; crop to [first non-W -30min, last non-W +30min] using HYPNOGRAM (label-informed)",night1 mov=0 unscored=120 wake_trimmed=1788; night2 mov=1 unscored=214 wake_trimmed=1645,,"[133, 102, 569, 22, 146]","[210, 113, 425, 98, 174]","[0.137, 0.105, 0.585, 0.023, 0.15]","[0.206, 0.111, 0.417, 0.096, 0.171]",0.169,yes (night1 then night2),p0_sleep_cache subjNN.npz + hypnogram EDF
SleepEDF_SC,5class,26,"A=night1,E=night2",no quota (natural),"A=[627, 245, 405, 94, 226] E=[167, 77, 464, 79, 193]","drop Movement/Sleep stage ?; crop to [first non-W -30min, last non-W +30min] using HYPNOGRAM (label-informed)",night1 mov=0 unscored=80 wake_trimmed=1203; night2 mov=0 unscored=160 wake_trimmed=1740,,"[627, 245, 405, 94, 226]","[167, 77, 464, 79, 193]","[0.393, 0.153, 0.254, 0.059, 0.142]","[0.17, 0.079, 0.473, 0.081, 0.197]",0.297,yes (night1 then night2),p0_sleep_cache subjNN.npz + hypnogram EDF
SleepEDF_SC,5class,27,"A=night1,E=night2",no quota (natural),"A=[168, 72, 475, 163, 174] E=[223, 87, 379, 178, 223]","drop Movement/Sleep stage ?; crop to [first non-W -30min, last non-W +30min] using HYPNOGRAM (label-informed)",night1 mov=0 unscored=440 wake_trimmed=1388; night2 mov=0 unscored=10 wake_trimmed=1780,,"[168, 72, 475, 163, 174]","[223, 87, 379, 178, 223]","[0.16, 0.068, 0.452, 0.155, 0.165]","[0.205, 0.08, 0.348, 0.163, 0.205]",0.104,yes (night1 then night2),p0_sleep_cache subjNN.npz + hypnogram EDF
SleepEDF_SC,5class,28,"A=night1,E=night2",no quota (natural),"A=[193, 76, 530, 159, 169] E=[204, 81, 474, 145, 166]","drop Movement/Sleep stage ?; crop to [first non-W -30min, last non-W +30min] using HYPNOGRAM (label-informed)",night1 mov=0 unscored=92 wake_trimmed=1661; night2 mov=0 unscored=66 wake_trimmed=1744,,"[193, 76, 530, 159, 169]","[204, 81, 474, 145, 166]","[0.171, 0.067, 0.47, 0.141, 0.15]","[0.191, 0.076, 0.443, 0.136, 0.155]",0.033,yes (night1 then night2),p0_sleep_cache subjNN.npz + hypnogram EDF
SleepEDF_SC,5class,29,"A=night1,E=night2",no quota (natural),"A=[244, 181, 427, 104, 175] E=[733, 49, 457, 146, 220]","drop Movement/Sleep stage ?; crop to [first non-W -30min, last non-W +30min] using HYPNOGRAM (label-informed)",night1 mov=0 unscored=124 wake_trimmed=1625; night2 mov=3 unscored=70 wake_trimmed=1202,,"[244, 181, 427, 104, 175]","[733, 49, 457, 146, 220]","[0.216, 0.16, 0.378, 0.092, 0.155]","[0.457, 0.031, 0.285, 0.091, 0.137]",0.241,yes (night1 then night2),p0_sleep_cache subjNN.npz + hypnogram EDF
SleepEDF_SC,5class,30,"A=night1,E=night2",no quota (natural),"A=[211, 109, 457, 30, 122] E=[173, 96, 418, 32, 135]","drop Movement/Sleep stage ?; crop to [first non-W -30min, last non-W +30min] using HYPNOGRAM (label-informed)",night1 mov=2 unscored=234 wake_trimmed=1715; night2 mov=0 unscored=72 wake_trimmed=1954,,"[211, 109, 457, 30, 122]","[173, 96, 418, 32, 135]","[0.227, 0.117, 0.492, 0.032, 0.131]","[0.203, 0.112, 0.489, 0.037, 0.158]",0.032,yes (night1 then night2),p0_sleep_cache subjNN.npz + hypnogram EDF
SleepEDF_SC,5class,31,"A=night1,E=night2",no quota (natural),"A=[358, 79, 362, 113, 142] E=[313, 152, 334, 191, 191]","drop Movement/Sleep stage ?; crop to [first non-W -30min, last non-W +30min] using HYPNOGRAM (label-informed)",night1 mov=0 unscored=210 wake_trimmed=1616; night2 mov=0 unscored=180 wake_trimmed=1519,,"[358, 79, 362, 113, 142]","[313, 152, 334, 191, 191]","[0.34, 0.075, 0.343, 0.107, 0.135]","[0.265, 0.129, 0.283, 0.162, 0.162]",0.135,yes (night1 then night2),p0_sleep_cache subjNN.npz + hypnogram EDF
SleepEDF_SC,5class,32,"A=night1,E=night2",no quota (natural),"A=[646, 204, 424, 0, 286] E=[160, 144, 475, 1, 241]","drop Movement/Sleep stage ?; crop to [first non-W -30min, last non-W +30min] using HYPNOGRAM (label-informed)",night1 mov=1 unscored=190 wake_trimmed=1129; night2 mov=0 unscored=264 wake_trimmed=1595,,"[646, 204, 424, 0, 286]","[160, 144, 475, 1, 241]","[0.414, 0.131, 0.272, 0.0, 0.183]","[0.157, 0.141, 0.465, 0.001, 0.236]",0.257,yes (night1 then night2),p0_sleep_cache subjNN.npz + hypnogram EDF
SleepEDF_SC,5class,33,"A=night1,E=night2",no quota (natural),"A=[1055, 212, 453, 0, 168] E=[435, 91, 648, 0, 138]","drop Movement/Sleep stage ?; crop to [first non-W -30min, last non-W +30min] using HYPNOGRAM (label-informed)",night1 mov=1 unscored=70 wake_trimmed=921; night2 mov=2 unscored=120 wake_trimmed=1446,,"[1055, 212, 453, 0, 168]","[435, 91, 648, 0, 138]","[0.559, 0.112, 0.24, 0.0, 0.089]","[0.332, 0.069, 0.494, 0.0, 0.105]",0.27,yes (night1 then night2),p0_sleep_cache subjNN.npz + hypnogram EDF
SleepEDF_SC,5class,34,"A=night1,E=night2",no quota (natural),"A=[618, 150, 561, 0, 172] E=[684, 136, 596, 0, 166]","drop Movement/Sleep stage ?; crop to [first non-W -30min, last non-W +30min] using HYPNOGRAM (label-informed)",night1 mov=0 unscored=130 wake_trimmed=1249; night2 mov=0 unscored=90 wake_trimmed=1208,,"[618, 150, 561, 0, 172]","[684, 136, 596, 0, 166]","[0.412, 0.1, 0.374, 0.0, 0.115]","[0.432, 0.086, 0.377, 0.0, 0.105]",0.024,yes (night1 then night2),p0_sleep_cache subjNN.npz + hypnogram EDF
SleepEDF_SC,5class,35,"A=night1,E=night2",no quota (natural),"A=[351, 78, 419, 104, 24] E=[222, 66, 498, 105, 72]","drop Movement/Sleep stage ?; crop to [first non-W -30min, last non-W +30min] using HYPNOGRAM (label-informed)",night1 mov=0 unscored=170 wake_trimmed=1734; night2 mov=2 unscored=348 wake_trimmed=1567,,"[351, 78, 419, 104, 24]","[222, 66, 498, 105, 72]","[0.36, 0.08, 0.429, 0.107, 0.025]","[0.231, 0.069, 0.517, 0.109, 0.075]",0.14,yes (night1 then night2),p0_sleep_cache subjNN.npz + hypnogram EDF
SleepEDF_SC,5class,37,"A=night1,E=night2",no quota (natural),"A=[144, 234, 484, 11, 45] E=[682, 282, 433, 6, 106]","drop Movement/Sleep stage ?; crop to [first non-W -30min, last non-W +30min] using HYPNOGRAM (label-informed)",night1 mov=0 unscored=30 wake_trimmed=1932; night2 mov=0 unscored=40 wake_trimmed=1331,,"[144, 234, 484, 11, 45]","[682, 282, 433, 6, 106]","[0.157, 0.255, 0.527, 0.012, 0.049]","[0.452, 0.187, 0.287, 0.004, 0.07]",0.316,yes (night1 then night2),p0_sleep_cache subjNN.npz + hypnogram EDF
SleepEDF_SC,5class,38,"A=night1,E=night2",no quota (natural),"A=[893, 95, 612, 16, 160] E=[979, 103, 583, 37, 169]","drop Movement/Sleep stage ?; crop to [first non-W -30min, last non-W +30min] using HYPNOGRAM (label-informed)",night1 mov=0 unscored=130 wake_trimmed=974; night2 mov=0 unscored=110 wake_trimmed=899,,"[893, 95, 612, 16, 160]","[979, 103, 583, 37, 169]","[0.503, 0.053, 0.345, 0.009, 0.09]","[0.523, 0.055, 0.312, 0.02, 0.09]",0.033,yes (night1 then night2),p0_sleep_cache subjNN.npz + hypnogram EDF
SleepEDF_SC,5class,40,"A=night1,E=night2",no quota (natural),"A=[410, 163, 377, 4, 110] E=[209, 92, 375, 142, 254]","drop Movement/Sleep stage ?; crop to [first non-W -30min, last non-W +30min] using HYPNOGRAM (label-informed)",night1 mov=0 unscored=250 wake_trimmed=1566; night2 mov=0 unscored=90 wake_trimmed=1718,,"[410, 163, 377, 4, 110]","[209, 92, 375, 142, 254]","[0.385, 0.153, 0.354, 0.004, 0.103]","[0.195, 0.086, 0.35, 0.132, 0.237]",0.262,yes (night1 then night2),p0_sleep_cache subjNN.npz + hypnogram EDF
SleepEDF_SC,5class,41,"A=night1,E=night2",no quota (natural),"A=[181, 145, 502, 46, 204] E=[178, 64, 356, 226, 100]","drop Movement/Sleep stage ?; crop to [first non-W -30min, last non-W +30min] using HYPNOGRAM (label-informed)",night1 mov=0 unscored=152 wake_trimmed=1650; night2 mov=0 unscored=115 wake_trimmed=1841,,"[181, 145, 502, 46, 204]","[178, 64, 356, 226, 100]","[0.168, 0.135, 0.466, 0.043, 0.189]","[0.193, 0.069, 0.385, 0.245, 0.108]",0.227,yes (night1 then night2),p0_sleep_cache subjNN.npz + hypnogram EDF
SleepEDF_SC,5class,42,"A=night1,E=night2",no quota (natural),"A=[147, 34, 283, 163, 158] E=[215, 159, 298, 124, 88]","drop Movement/Sleep stage ?; crop to [first non-W -30min, last non-W +30min] using HYPNOGRAM (label-informed)",night1 mov=0 unscored=116 wake_trimmed=1979; night2 mov=0 unscored=198 wake_trimmed=1798,,"[147, 34, 283, 163, 158]","[215, 159, 298, 124, 88]","[0.187, 0.043, 0.361, 0.208, 0.201]","[0.243, 0.18, 0.337, 0.14, 0.1]",0.193,yes (night1 then night2),p0_sleep_cache subjNN.npz + hypnogram EDF
SleepEDF_SC,5class,43,"A=night1,E=night2",no quota (natural),"A=[142, 63, 331, 82, 81] E=[150, 41, 430, 144, 197]","drop Movement/Sleep stage ?; crop to [first non-W -30min, last non-W +30min] using HYPNOGRAM (label-informed)",night1 mov=0 unscored=157 wake_trimmed=2024; night2 mov=0 unscored=100 wake_trimmed=1818,,"[142, 63, 331, 82, 81]","[150, 41, 430, 144, 197]","[0.203, 0.09, 0.474, 0.117, 0.116]","[0.156, 0.043, 0.447, 0.15, 0.205]",0.121,yes (night1 then night2),p0_sleep_cache subjNN.npz + hypnogram EDF
SleepEDF_SC,5class,44,"A=night1,E=night2",no quota (natural),"A=[416, 183, 405, 91, 100] E=[282, 92, 530, 92, 96]","drop Movement/Sleep stage ?; crop to [first non-W -30min, last non-W +30min] using HYPNOGRAM (label-informed)",night1 mov=0 unscored=260 wake_trimmed=1425; night2 mov=0 unscored=102 wake_trimmed=1686,,"[416, 183, 405, 91, 100]","[282, 92, 530, 92, 96]","[0.348, 0.153, 0.339, 0.076, 0.084]","[0.258, 0.084, 0.485, 0.084, 0.088]",0.159,yes (night1 then night2),p0_sleep_cache subjNN.npz + hypnogram EDF
SleepEDF_SC,5class,45,"A=night1,E=night2",no quota (natural),"A=[269, 235, 258, 307, 139] E=[191, 162, 358, 267, 188]","drop Movement/Sleep stage ?; crop to [first non-W -30min, last non-W +30min] using HYPNOGRAM (label-informed)",night1 mov=0 unscored=90 wake_trimmed=1582; night2 mov=0 unscored=210 wake_trimmed=1504,,"[269, 235, 258, 307, 139]","[191, 162, 358, 267, 188]","[0.223, 0.195, 0.214, 0.254, 0.115]","[0.164, 0.139, 0.307, 0.229, 0.161]",0.14,yes (night1 then night2),p0_sleep_cache subjNN.npz + hypnogram EDF
SleepEDF_SC,5class,46,"A=night1,E=night2",no quota (natural),"A=[196, 118, 484, 9, 176] E=[147, 198, 472, 19, 186]","drop Movement/Sleep stage ?; crop to [first non-W -30min, last non-W +30min] using HYPNOGRAM (label-informed)",night1 mov=1 unscored=184 wake_trimmed=1712; night2 mov=2 unscored=24 wake_trimmed=1832,,"[196, 118, 484, 9, 176]","[147, 198, 472, 19, 186]","[0.199, 0.12, 0.492, 0.009, 0.179]","[0.144, 0.194, 0.462, 0.019, 0.182]",0.086,yes (night1 then night2),p0_sleep_cache subjNN.npz + hypnogram EDF
SleepEDF_SC,5class,47,"A=night1,E=night2",no quota (natural),"A=[365, 78, 349, 275, 120] E=[1437, 161, 299, 144, 120]","drop Movement/Sleep stage ?; crop to [first non-W -30min, last non-W +30min] using HYPNOGRAM (label-informed)",night1 mov=1 unscored=140 wake_trimmed=1552; night2 mov=1 unscored=90 wake_trimmed=628,,"[365, 78, 349, 275, 120]","[1437, 161, 299, 144, 120]","[0.307, 0.066, 0.294, 0.232, 0.101]","[0.665, 0.075, 0.138, 0.067, 0.056]",0.366,yes (night1 then night2),p0_sleep_cache subjNN.npz + hypnogram EDF
SleepEDF_SC,5class,48,"A=night1,E=night2",no quota (natural),"A=[926, 299, 471, 95, 236] E=[968, 146, 520, 116, 160]","drop Movement/Sleep stage ?; crop to [first non-W -30min, last non-W +30min] using HYPNOGRAM (label-informed)",night1 mov=0 unscored=0 wake_trimmed=853; night2 mov=0 unscored=0 wake_trimmed=970,,"[926, 299, 471, 95, 236]","[968, 146, 520, 116, 160]","[0.457, 0.148, 0.232, 0.047, 0.116]","[0.507, 0.076, 0.272, 0.061, 0.084]",0.104,yes (night1 then night2),p0_sleep_cache subjNN.npz + hypnogram EDF
SleepEDF_SC,5class,49,"A=night1,E=night2",no quota (natural),"A=[210, 149, 512, 14, 216] E=[307, 157, 416, 27, 133]","drop Movement/Sleep stage ?; crop to [first non-W -30min, last non-W +30min] using HYPNOGRAM (label-informed)",night1 mov=0 unscored=80 wake_trimmed=1699; night2 mov=1 unscored=744 wake_trimmed=1095,,"[210, 149, 512, 14, 216]","[307, 157, 416, 27, 133]","[0.191, 0.135, 0.465, 0.013, 0.196]","[0.295, 0.151, 0.4, 0.026, 0.128]",0.133,yes (night1 then night2),p0_sleep_cache subjNN.npz + hypnogram EDF
SleepEDF_SC,5class,50,"A=night1,E=night2",no quota (natural),"A=[539, 190, 402, 2, 193] E=[299, 78, 493, 42, 191]","drop Movement/Sleep stage ?; crop to [first non-W -30min, last non-W +30min] using HYPNOGRAM (label-informed)",night1 mov=0 unscored=130 wake_trimmed=1424; night2 mov=0 unscored=110 wake_trimmed=1667,,"[539, 190, 402, 2, 193]","[299, 78, 493, 42, 191]","[0.406, 0.143, 0.303, 0.002, 0.146]","[0.271, 0.071, 0.447, 0.038, 0.173]",0.208,yes (night1 then night2),p0_sleep_cache subjNN.npz + hypnogram EDF
SleepEDF_SC,5class,51,"A=night1,E=night2",no quota (natural),"A=[151, 409, 398, 3, 126] E=[226, 179, 435, 2, 112]","drop Movement/Sleep stage ?; crop to [first non-W -30min, last non-W +30min] using HYPNOGRAM (label-informed)",night1 mov=0 unscored=168 wake_trimmed=1625; night2 mov=0 unscored=130 wake_trimmed=1796,,"[151, 409, 398, 3, 126]","[226, 179, 435, 2, 112]","[0.139, 0.376, 0.366, 0.003, 0.116]","[0.237, 0.188, 0.456, 0.002, 0.117]",0.189,yes (night1 then night2),p0_sleep_cache subjNN.npz + hypnogram EDF
SleepEDF_SC,5class,53,"A=night1,E=night2",no quota (natural),"A=[242, 124, 465, 85, 180] E=[175, 147, 543, 21, 170]","drop Movement/Sleep stage ?; crop to [first non-W -30min, last non-W +30min] using HYPNOGRAM (label-informed)",night1 mov=0 unscored=278 wake_trimmed=1506; night2 mov=0 unscored=136 wake_trimmed=1688,,"[242, 124, 465, 85, 180]","[175, 147, 543, 21, 170]","[0.221, 0.113, 0.424, 0.078, 0.164]","[0.166, 0.139, 0.514, 0.02, 0.161]",0.116,yes (night1 then night2),p0_sleep_cache subjNN.npz + hypnogram EDF
SleepEDF_SC,5class,54,"A=night1,E=night2",no quota (natural),"A=[820, 199, 557, 5, 135] E=[281, 208, 461, 78, 120]","drop Movement/Sleep stage ?; crop to [first non-W -30min, last non-W +30min] using HYPNOGRAM (label-informed)",night1 mov=1 unscored=140 wake_trimmed=1023; night2 mov=0 unscored=200 wake_trimmed=1532,,"[820, 199, 557, 5, 135]","[281, 208, 461, 78, 120]","[0.478, 0.116, 0.325, 0.003, 0.079]","[0.245, 0.181, 0.402, 0.068, 0.105]",0.233,yes (night1 then night2),p0_sleep_cache subjNN.npz + hypnogram EDF
SleepEDF_SC,5class,55,"A=night1,E=night2",no quota (natural),"A=[314, 91, 487, 48, 107] E=[334, 115, 395, 1, 245]","drop Movement/Sleep stage ?; crop to [first non-W -30min, last non-W +30min] using HYPNOGRAM (label-informed)",night1 mov=0 unscored=108 wake_trimmed=1725; night2 mov=0 unscored=70 wake_trimmed=1720,,"[314, 91, 487, 48, 107]","[334, 115, 395, 1, 245]","[0.3, 0.087, 0.465, 0.046, 0.102]","[0.306, 0.106, 0.362, 0.001, 0.225]",0.148,yes (night1 then night2),p0_sleep_cache subjNN.npz + hypnogram EDF
SleepEDF_SC,5class,56,"A=night1,E=night2",no quota (natural),"A=[281, 521, 272, 50, 113] E=[283, 365, 335, 28, 137]","drop Movement/Sleep stage ?; crop to [first non-W -30min, last non-W +30min] using HYPNOGRAM (label-informed)",night1 mov=2 unscored=176 wake_trimmed=1465; night2 mov=0 unscored=80 wake_trimmed=1652,,"[281, 521, 272, 50, 113]","[283, 365, 335, 28, 137]","[0.227, 0.421, 0.22, 0.04, 0.091]","[0.247, 0.318, 0.292, 0.024, 0.119]",0.119,yes (night1 then night2),p0_sleep_cache subjNN.npz + hypnogram EDF
SleepEDF_SC,5class,57,"A=night1,E=night2",no quota (natural),"A=[287, 186, 513, 0, 250] E=[175, 104, 569, 29, 218]","drop Movement/Sleep stage ?; crop to [first non-W -30min, last non-W +30min] using HYPNOGRAM (label-informed)",night1 mov=0 unscored=44 wake_trimmed=1600; night2 mov=7 unscored=0 wake_trimmed=1778,,"[287, 186, 513, 0, 250]","[175, 104, 569, 29, 218]","[0.232, 0.15, 0.415, 0.0, 0.202]","[0.16, 0.095, 0.52, 0.026, 0.199]",0.131,yes (night1 then night2),p0_sleep_cache subjNN.npz + hypnogram EDF
SleepEDF_SC,5class,58,"A=night1,E=night2",no quota (natural),"A=[194, 152, 578, 10, 161] E=[345, 195, 543, 6, 86]","drop Movement/Sleep stage ?; crop to [first non-W -30min, last non-W +30min] using HYPNOGRAM (label-informed)",night1 mov=0 unscored=142 wake_trimmed=1643; night2 mov=0 unscored=246 wake_trimmed=1459,,"[194, 152, 578, 10, 161]","[345, 195, 543, 6, 86]","[0.177, 0.139, 0.528, 0.009, 0.147]","[0.294, 0.166, 0.462, 0.005, 0.073]",0.144,yes (night1 then night2),p0_sleep_cache subjNN.npz + hypnogram EDF
SleepEDF_SC,5class,59,"A=night1,E=night2",no quota (natural),"A=[863, 199, 363, 157, 258] E=[504, 194, 277, 101, 155]","drop Movement/Sleep stage ?; crop to [first non-W -30min, last non-W +30min] using HYPNOGRAM (label-informed)",night1 mov=1 unscored=60 wake_trimmed=979; night2 mov=0 unscored=840 wake_trimmed=809,,"[863, 199, 363, 157, 258]","[504, 194, 277, 101, 155]","[0.469, 0.108, 0.197, 0.085, 0.14]","[0.409, 0.158, 0.225, 0.082, 0.126]",0.077,yes (night1 then night2),p0_sleep_cache subjNN.npz + hypnogram EDF
SleepEDF_SC,5class,60,"A=night1,E=night2",no quota (natural),"A=[601, 38, 252, 288, 170] E=[1111, 223, 264, 196, 249]","drop Movement/Sleep stage ?; crop to [first non-W -30min, last non-W +30min] using HYPNOGRAM (label-informed)",night1 mov=0 unscored=150 wake_trimmed=1381; night2 mov=0 unscored=80 wake_trimmed=757,,"[601, 38, 252, 288, 170]","[1111, 223, 264, 196, 249]","[0.446, 0.028, 0.187, 0.213, 0.126]","[0.544, 0.109, 0.129, 0.096, 0.122]",0.179,yes (night1 then night2),p0_sleep_cache subjNN.npz + hypnogram EDF
SleepEDF_SC,5class,61,"A=night1,E=night2",no quota (natural),"A=[715, 123, 276, 139, 399] E=[208, 96, 479, 65, 214]","drop Movement/Sleep stage ?; crop to [first non-W -30min, last non-W +30min] using HYPNOGRAM (label-informed)",night1 mov=0 unscored=236 wake_trimmed=992; night2 mov=0 unscored=150 wake_trimmed=1668,,"[715, 123, 276, 139, 399]","[208, 96, 479, 65, 214]","[0.433, 0.074, 0.167, 0.084, 0.242]","[0.196, 0.09, 0.451, 0.061, 0.202]",0.3,yes (night1 then night2),p0_sleep_cache subjNN.npz + hypnogram EDF
SleepEDF_SC,5class,62,"A=night1,E=night2",no quota (natural),"A=[332, 276, 745, 14, 78] E=[926, 347, 431, 4, 115]","drop Movement/Sleep stage ?; crop to [first non-W -30min, last non-W +30min] using HYPNOGRAM (label-informed)",night1 mov=0 unscored=268 wake_trimmed=1167; night2 mov=0 unscored=24 wake_trimmed=1033,,"[332, 276, 745, 14, 78]","[926, 347, 431, 4, 115]","[0.23, 0.191, 0.516, 0.01, 0.054]","[0.508, 0.19, 0.236, 0.002, 0.063]",0.287,yes (night1 then night2),p0_sleep_cache subjNN.npz + hypnogram EDF
SleepEDF_SC,5class,63,"A=night1,E=night2",no quota (natural),"A=[292, 131, 481, 39, 120] E=[224, 157, 558, 28, 140]","drop Movement/Sleep stage ?; crop to [first non-W -30min, last non-W +30min] using HYPNOGRAM (label-informed)",night1 mov=0 unscored=122 wake_trimmed=1695; night2 mov=0 unscored=32 wake_trimmed=1741,,"[292, 131, 481, 39, 120]","[224, 157, 558, 28, 140]","[0.275, 0.123, 0.452, 0.037, 0.113]","[0.202, 0.142, 0.504, 0.025, 0.126]",0.084,yes (night1 then night2),p0_sleep_cache subjNN.npz + hypnogram EDF
SleepEDF_SC,5class,64,"A=night1,E=night2",no quota (natural),"A=[632, 179, 382, 0, 78] E=[1161, 243, 518, 0, 127]","drop Movement/Sleep stage ?; crop to [first non-W -30min, last non-W +30min] using HYPNOGRAM (label-informed)",night1 mov=0 unscored=200 wake_trimmed=1409; night2 mov=0 unscored=90 wake_trimmed=741,,"[632, 179, 382, 0, 78]","[1161, 243, 518, 0, 127]","[0.497, 0.141, 0.301, 0.0, 0.061]","[0.567, 0.119, 0.253, 0.0, 0.062]",0.07,yes (night1 then night2),p0_sleep_cache subjNN.npz + hypnogram EDF
SleepEDF_SC,5class,65,"A=night1,E=night2",no quota (natural),"A=[1424, 100, 821, 140, 159] E=[865, 204, 463, 186, 211]","drop Movement/Sleep stage ?; crop to [first non-W -30min, last non-W +30min] using HYPNOGRAM (label-informed)",night1 mov=0 unscored=20 wake_trimmed=216; night2 mov=1 unscored=41 wake_trimmed=909,,"[1424, 100, 821, 140, 159]","[865, 204, 463, 186, 211]","[0.539, 0.038, 0.311, 0.053, 0.06]","[0.448, 0.106, 0.24, 0.096, 0.109]",0.161,yes (night1 then night2),p0_sleep_cache subjNN.npz + hypnogram EDF
SleepEDF_SC,5class,66,"A=night1,E=night2",no quota (natural),"A=[1079, 375, 422, 40, 110] E=[1017, 235, 414, 78, 250]","drop Movement/Sleep stage ?; crop to [first non-W -30min, last non-W +30min] using HYPNOGRAM (label-informed)",night1 mov=0 unscored=216 wake_trimmed=638; night2 mov=0 unscored=60 wake_trimmed=826,,"[1079, 375, 422, 40, 110]","[1017, 235, 414, 78, 250]","[0.533, 0.185, 0.208, 0.02, 0.054]","[0.51, 0.118, 0.208, 0.039, 0.125]",0.09,yes (night1 then night2),p0_sleep_cache subjNN.npz + hypnogram EDF
SleepEDF_SC,5class,67,"A=night1,E=night2",no quota (natural),"A=[939, 356, 507, 17, 149] E=[345, 213, 339, 29, 95]","drop Movement/Sleep stage ?; crop to [first non-W -30min, last non-W +30min] using HYPNOGRAM (label-informed)",night1 mov=0 unscored=100 wake_trimmed=812; night2 mov=0 unscored=300 wake_trimmed=1559,,"[939, 356, 507, 17, 149]","[345, 213, 339, 29, 95]","[0.477, 0.181, 0.258, 0.009, 0.076]","[0.338, 0.209, 0.332, 0.028, 0.093]",0.139,yes (night1 then night2),p0_sleep_cache subjNN.npz + hypnogram EDF
SleepEDF_SC,5class,70,"A=night1,E=night2",no quota (natural),"A=[736, 143, 698, 35, 105] E=[707, 233, 444, 33, 98]","drop Movement/Sleep stage ?; crop to [first non-W -30min, last non-W +30min] using HYPNOGRAM (label-informed)",night1 mov=1 unscored=200 wake_trimmed=962; night2 mov=0 unscored=256 wake_trimmed=1109,,"[736, 143, 698, 35, 105]","[707, 233, 444, 33, 98]","[0.429, 0.083, 0.407, 0.02, 0.061]","[0.467, 0.154, 0.293, 0.022, 0.065]",0.113,yes (night1 then night2),p0_sleep_cache subjNN.npz + hypnogram EDF
SleepEDF_SC,5class,71,"A=night1,E=night2",no quota (natural),"A=[452, 234, 605, 4, 118] E=[430, 230, 446, 0, 135]","drop Movement/Sleep stage ?; crop to [first non-W -30min, last non-W +30min] using HYPNOGRAM (label-informed)",night1 mov=0 unscored=150 wake_trimmed=1317; night2 mov=0 unscored=60 wake_trimmed=1579,,"[452, 234, 605, 4, 118]","[430, 230, 446, 0, 135]","[0.32, 0.166, 0.428, 0.003, 0.084]","[0.346, 0.185, 0.359, 0.0, 0.109]",0.072,yes (night1 then night2),p0_sleep_cache subjNN.npz + hypnogram EDF
SleepEDF_SC,5class,72,"A=night1,E=night2",no quota (natural),"A=[257, 259, 341, 0, 174] E=[310, 240, 444, 0, 136]","drop Movement/Sleep stage ?; crop to [first non-W -30min, last non-W +30min] using HYPNOGRAM (label-informed)",night1 mov=0 unscored=538 wake_trimmed=1311; night2 mov=0 unscored=134 wake_trimmed=1616,,"[257, 259, 341, 0, 174]","[310, 240, 444, 0, 136]","[0.249, 0.251, 0.331, 0.0, 0.169]","[0.274, 0.212, 0.393, 0.0, 0.12]",0.087,yes (night1 then night2),p0_sleep_cache subjNN.npz + hypnogram EDF
SleepEDF_SC,5class,73,"A=night1,E=night2",no quota (natural),"A=[1840, 222, 470, 0, 135] E=[1349, 470, 363, 0, 136]","drop Movement/Sleep stage ?; crop to [first non-W -30min, last non-W +30min] using HYPNOGRAM (label-informed)",night1 mov=0 unscored=100 wake_trimmed=113; night2 mov=1 unscored=360 wake_trimmed=201,,"[1840, 222, 470, 0, 135]","[1349, 470, 363, 0, 136]","[0.69, 0.083, 0.176, 0.0, 0.051]","[0.582, 0.203, 0.157, 0.0, 0.059]",0.128,yes (night1 then night2),p0_sleep_cache subjNN.npz + hypnogram EDF
SleepEDF_SC,5class,74,"A=night1,E=night2",no quota (natural),"A=[1229, 158, 610, 0, 213] E=[308, 207, 340, 0, 208]","drop Movement/Sleep stage ?; crop to [first non-W -30min, last non-W +30min] using HYPNOGRAM (label-informed)",night1 mov=1 unscored=190 wake_trimmed=479; night2 mov=0 unscored=230 wake_trimmed=1587,,"[1229, 158, 610, 0, 213]","[308, 207, 340, 0, 208]","[0.556, 0.071, 0.276, 0.0, 0.096]","[0.29, 0.195, 0.32, 0.0, 0.196]",0.266,yes (night1 then night2),p0_sleep_cache subjNN.npz + hypnogram EDF
SleepEDF_SC,5class,75,"A=night1,E=night2",no quota (natural),"A=[1428, 102, 467, 0, 47] E=[378, 143, 436, 20, 72]","drop Movement/Sleep stage ?; crop to [first non-W -30min, last non-W +30min] using HYPNOGRAM (label-informed)",night1 mov=0 unscored=200 wake_trimmed=636; night2 mov=0 unscored=410 wake_trimmed=1421,,"[1428, 102, 467, 0, 47]","[378, 143, 436, 20, 72]","[0.699, 0.05, 0.228, 0.0, 0.023]","[0.36, 0.136, 0.416, 0.019, 0.069]",0.338,yes (night1 then night2),p0_sleep_cache subjNN.npz + hypnogram EDF
SleepEDF_SC,5class,76,"A=night1,E=night2",no quota (natural),"A=[1069, 127, 425, 27, 35] E=[1839, 161, 268, 0, 394]","drop Movement/Sleep stage ?; crop to [first non-W -30min, last non-W +30min] using HYPNOGRAM (label-informed)",night1 mov=0 unscored=270 wake_trimmed=927; night2 mov=15 unscored=203 wake_trimmed=0,,"[1069, 127, 425, 27, 35]","[1839, 161, 268, 0, 394]","[0.635, 0.075, 0.253, 0.016, 0.021]","[0.691, 0.06, 0.101, 0.0, 0.148]",0.183,yes (night1 then night2),p0_sleep_cache subjNN.npz + hypnogram EDF
SleepEDF_SC,5class,77,"A=night1,E=night2",no quota (natural),"A=[402, 348, 461, 5, 109] E=[753, 111, 240, 87, 133]","drop Movement/Sleep stage ?; crop to [first non-W -30min, last non-W +30min] using HYPNOGRAM (label-informed)",night1 mov=0 unscored=124 wake_trimmed=1431; night2 mov=0 unscored=638 wake_trimmed=918,,"[402, 348, 461, 5, 109]","[753, 111, 240, 87, 133]","[0.303, 0.263, 0.348, 0.004, 0.082]","[0.569, 0.084, 0.181, 0.066, 0.1]",0.345,yes (night1 then night2),p0_sleep_cache subjNN.npz + hypnogram EDF
SleepEDF_SC,5class,80,"A=night1,E=night2",no quota (natural),"A=[288, 203, 595, 13, 142] E=[342, 204, 541, 6, 136]","drop Movement/Sleep stage ?; crop to [first non-W -30min, last non-W +30min] using HYPNOGRAM (label-informed)",night1 mov=0 unscored=106 wake_trimmed=1533; night2 mov=0 unscored=70 wake_trimmed=1581,,"[288, 203, 595, 13, 142]","[342, 204, 541, 6, 136]","[0.232, 0.164, 0.479, 0.01, 0.114]","[0.278, 0.166, 0.44, 0.005, 0.111]",0.049,yes (night1 then night2),p0_sleep_cache subjNN.npz + hypnogram EDF
SleepEDF_SC,5class,81,"A=night1,E=night2",no quota (natural),"A=[360, 88, 528, 121, 196] E=[458, 138, 347, 102, 138]","drop Movement/Sleep stage ?; crop to [first non-W -30min, last non-W +30min] using HYPNOGRAM (label-informed)",night1 mov=0 unscored=478 wake_trimmed=1109; night2 mov=2 unscored=464 wake_trimmed=1231,,"[360, 88, 528, 121, 196]","[458, 138, 347, 102, 138]","[0.278, 0.068, 0.408, 0.094, 0.152]","[0.387, 0.117, 0.293, 0.086, 0.117]",0.157,yes (night1 then night2),p0_sleep_cache subjNN.npz + hypnogram EDF
SleepEDF_SC,5class,82,"A=night1,E=night2",no quota (natural),"A=[841, 66, 407, 162, 228] E=[510, 121, 400, 156, 179]","drop Movement/Sleep stage ?; crop to [first non-W -30min, last non-W +30min] using HYPNOGRAM (label-informed)",night1 mov=1 unscored=158 wake_trimmed=1017; night2 mov=0 unscored=70 wake_trimmed=1444,,"[841, 66, 407, 162, 228]","[510, 121, 400, 156, 179]","[0.494, 0.039, 0.239, 0.095, 0.134]","[0.373, 0.089, 0.293, 0.114, 0.131]",0.123,yes (night1 then night2),p0_sleep_cache subjNN.npz + hypnogram EDF
